;Tag Type, Tag Name, Tag Description, Read Only, Data Source, Security Code, Alarmed, Native Type, Value Type, Min Analog, Max Analog, Initial Analog, Scale, Offset, DeadBand, Units, Off Label Digital, On Label Digital, Initial Digital, Length String, Initial String, Retentive, Address, System Source Name, System Source Index, RIO Address, Element Size Block, Number Elements Block, Initial Block
;###002 - THIS LINE CONTAINS VERSION INFORMATION. DO NOT REMOVE!!!,,,,,,,,,,,,,,,,,,,,,,,,,,,,
;Folders Section (Must define folders before tags),,,,,,,,,,,,,,,,,,,,,,,,,,,,
F,B,,F,,,,,,,,,,,,,,,,,,,,,,,,,
F,D,,F,,,,,,,,,,,,,,,,,,,,,,,,,
F,FileLoad,,F,,,,,,,,,,,,,,,,,,,,,,,,,
F,I,,F,,,,,,,,,,,,,,,,,,,,,,,,,
F,R,,F,,,,,,,,,,,,,,,,,,,,,,,,,
F,S,,F,,,,,,,,,,,,,,,,,,,,,,,,,
;Tag Section,,,,,,,,,,,,,,,,,,,,,,,,,,,,
D,AUTO_BEGIN_CYCLE,,F,D,*,F,,,,,,,,,,Off,On,Off,,,,::[SCS_PLC]AUTO_BEGIN_CYCLE,,,,,,
D,SYS_MACHINE_INITD,,F,D,*,F,,,,,,,,,,Off,On,Off,,,,::[SCS_PLC]SYS_MACHINE_INITD,,,,,,
D,SYS_MACHINE_STOPPED,,F,D,*,F,,,,,,,,,,Off,On,Off,,,,::[SCS_PLC]SYS_MACHINE_STOPPED,,,,,,
D,SYS_DRY_RUN_ENABLED,,F,D,*,F,,,,,,,,,,Off,On,Off,,,,::[SCS_PLC]SYS_DRY_RUN_ENABLED,,,,,,
D,SYS_MAN_ENABLED,,F,D,*,F,,,,,,,,,,Off,On,Off,,,,::[SCS_PLC]SYS_MAN_ENABLED,,,,,,
D,SYS_STEP_MODE_ON,,F,D,*,F,,,,,,,,,,Off,On,Off,,,,::[SCS_PLC]SYS_STEP_MODE_ON,,,,,,
D,SYS_PINCH_ROLL_W_TGGL,,F,D,*,F,,,,,,,,,,Off,On,Off,,,,::[SCS_PLC]SYS_PINCH_ROLL_W_TGGL,,,,,,
D,SYS_PINCH_ROLL_X_TGGL,,F,D,*,F,,,,,,,,,,Off,On,Off,,,,::[SCS_PLC]SYS_PINCH_ROLL_X_TGGL,,,,,,
D,SYS_TURN_ON_SHEAR,,F,D,*,F,,,,,,,,,,Off,On,Off,,,,::[SCS_PLC]SYS_TURN_ON_SHEAR,,,,,,
D,SYS_MAT_W_DRIVE_ENABLED,,F,D,*,F,,,,,,,,,,Off,On,Off,,,,::[SCS_PLC]SYS_MAT_W_DRIVE_ENABLED,,,,,,
D,SYS_MAT_W_DRIVE_FAULT,,F,D,*,F,,,,,,,,,,Off,On,Off,,,,::[SCS_PLC]SYS_MAT_W_DRIVE_FAULT,,,,,,
D,SYS_MAT_W_MOTION_COMPLETE,,F,D,*,F,,,,,,,,,,Off,On,Off,,,,::[SCS_PLC]SYS_MAT_W_MOTION_COMPLETE,,,,,,
D,SYS_MAT_X_DRIVE_ENABLED,,F,D,*,F,,,,,,,,,,Off,On,Off,,,,::[SCS_PLC]SYS_MAT_X_DRIVE_ENABLED,,,,,,
D,SYS_MAT_X_DRIVE_FAULT,,F,D,*,F,,,,,,,,,,Off,On,Off,,,,::[SCS_PLC]SYS_MAT_X_DRIVE_FAULT,,,,,,
D,SYS_MAT_X_MOTION_COMPLETE,,F,D,*,F,,,,,,,,,,Off,On,Off,,,,::[SCS_PLC]SYS_MAT_X_MOTION_COMPLETE,,,,,,
D,HMI_YES_BTTN,,F,D,*,F,,,,,,,,,,Off,On,Off,,,,::[SCS_PLC]HMI_YES_BTTN,,,,,,
D,HMI_NO_BTTN,,F,D,*,F,,,,,,,,,,Off,On,Off,,,,::[SCS_PLC]HMI_NO_BTTN,,,,,,
D,B\B31502,,F,D,*,F,,,,,,,,,,Off,On,Off,,,,::[SCS_PLC]B3:15/02,,,,,,
D,HMI_RESET_DATA_BTTN,,F,D,*,F,,,,,,,,,,Off,On,Off,,,,::[SCS_PLC]HMI_RESET_DATA_BTTN,,,,,,
D,HMI_INIT_BTTN,,F,D,*,F,,,,,,,,,,Off,On,Off,,,,::[SCS_PLC]HMI_INIT_BTTN,,,,,,
D,HMI_FAULT_RESET_BTTN,,F,D,*,F,,,,,,,,,,Off,On,Off,,,,::[SCS_PLC]HMI_FAULT_RESET_BTTN,,,,,,
D,HMI_DRY_RUN_BTTN,,F,D,*,F,,,,,,,,,,Off,On,Off,,,,::[SCS_PLC]HMI_DRY_RUN_BTTN,,,,,,
D,HMI_CYCLE_START_BTTN,,F,D,*,F,,,,,,,,,,Off,On,Off,,,,::[SCS_PLC]HMI_CYCLE_START_BTTN,,,,,,
D,HMI_CYCLE_STOP_BTTN,,F,D,*,F,,,,,,,,,,Off,On,Off,,,,::[SCS_PLC]HMI_CYCLE_STOP_BTTN,,,,,,
D,HMI_ABORT_CYCLE_BTTN,,F,D,*,F,,,,,,,,,,Off,On,Off,,,,::[SCS_PLC]HMI_ABORT_CYCLE_BTTN,,,,,,
D,HMI_CONTINUE_CYCLE_BTTN,,F,D,*,F,,,,,,,,,,Off,On,Off,,,,::[SCS_PLC]HMI_CONTINUE_CYCLE_BTTN,,,,,,
D,HMI_PINCH_ROLL_W_BTTN_B3_16_8,,F,D,*,F,,,,,,,,,,Off,On,Off,,,,::[SCS_PLC]HMI_PINCH_ROLL_W_BTTN_B3_16_8,,,,,,
D,HMI_PINCH_ROLL_X_BTTN_B3_16_9,,F,D,*,F,,,,,,,,,,Off,On,Off,,,,::[SCS_PLC]HMI_PINCH_ROLL_X_BTTN_B3_16_9,,,,,,
D,HMI_SHEAR_ON_BTTN,,F,D,*,F,,,,,,,,,,Off,On,Off,,,,::[SCS_PLC]HMI_SHEAR_ON_BTTN,,,,,,
D,HMI_RESTART_CYCLE_BTTN,,F,D,*,F,,,,,,,,,,Off,On,Off,,,,::[SCS_PLC]HMI_RESTART_CYCLE_BTTN,,,,,,
D,HMI_RETRY_PLY_BTTN,,F,D,*,F,,,,,,,,,,Off,On,Off,,,,::[SCS_PLC]HMI_RETRY_PLY_BTTN,,,,,,
D,HMI_SKIP_PLY_BTTN,,F,D,*,F,,,,,,,,,,Off,On,Off,,,,::[SCS_PLC]HMI_SKIP_PLY_BTTN,,,,,,
D,HMI_RESET_BLADE_COUNT_BTTN,,F,D,*,F,,,,,,,,,,Off,On,Off,,,,::[SCS_PLC]HMI_RESET_BLADE_COUNT_BTTN,,,,,,
D,B\B31615,,F,D,*,F,,,,,,,,,,Off,On,Off,,,,::[SCS_PLC]B3:16/15,,,,,,
D,HMI_DISPLAY_FAULT_MESSAGE,,F,D,*,F,,,,,,,,,,Off,On,Off,,,,::[SCS_PLC]HMI_DISPLAY_FAULT_MESSAGE,,,,,,
D,HMI_DISPLAY_PLY_MESSAGE,,F,D,*,F,,,,,,,,,,Off,On,Off,,,,::[SCS_PLC]HMI_DISPLAY_PLY_MESSAGE,,,,,,
D,HMI_DISPLAY_REDO_MESSAGE,,F,D,*,F,,,,,,,,,,Off,On,Off,,,,::[SCS_PLC]HMI_DISPLAY_REDO_MESSAGE,,,,,,
D,HMI_SETUP_CONTINUE_BTTN,,F,D,*,F,,,,,,,,,,Off,On,Off,,,,::[SCS_PLC]HMI_SETUP_CONTINUE_BTTN,,,,,,
D,HMI_MAN_CONTINUE_BTTN,,F,D,*,F,,,,,,,,,,Off,On,Off,,,,::[SCS_PLC]HMI_MAN_CONTINUE_BTTN,,,,,,
D,MAN_STEP_CYCLE_STOP,,F,D,*,F,,,,,,,,,,Off,On,Off,,,,::[SCS_PLC]MAN_STEP_CYCLE_STOP,,,,,,
D,HMI_MAIN_CONTACTOR_BTTN,,F,D,*,F,,,,,,,,,,Off,On,Off,,,,::[SCS_PLC]HMI_MAIN_CONTACTOR_BTTN,,,,,,
D,HMI_BLUE_INDICATOR_BTTN,,F,D,*,F,,,,,,,,,,Off,On,Off,,,,::[SCS_PLC]HMI_BLUE_INDICATOR_BTTN,,,,,,
D,HMI_YELLOW_INDICATOR_BTTN,,F,D,*,F,,,,,,,,,,Off,On,Off,,,,::[SCS_PLC]HMI_YELLOW_INDICATOR_BTTN,,,,,,
D,HMI_RED_INDICATOR_BTTN,,F,D,*,F,,,,,,,,,,Off,On,Off,,,,::[SCS_PLC]HMI_RED_INDICATOR_BTTN,,,,,,
D,HMI_GREEN_INDICATOR_BTTN,,F,D,*,F,,,,,,,,,,Off,On,Off,,,,::[SCS_PLC]HMI_GREEN_INDICATOR_BTTN,,,,,,
D,HMI_SHEAR_BTTN,,F,D,*,F,,,,,,,,,,Off,On,Off,,,,::[SCS_PLC]HMI_SHEAR_BTTN,,,,,,
D,HMI_DISABLE_W_DRIVE_BTTN,,F,D,*,F,,,,,,,,,,Off,On,Off,,,,::[SCS_PLC]HMI_DISABLE_W_DRIVE_BTTN,,,,,,
D,HMI_INDEX_W_BTTN,,F,D,*,F,,,,,,,,,,Off,On,Off,,,,::[SCS_PLC]HMI_INDEX_W_BTTN,,,,,,
D,HMI_RESET_W_DRIVE_BTTN,,F,D,*,F,,,,,,,,,,Off,On,Off,,,,::[SCS_PLC]HMI_RESET_W_DRIVE_BTTN,,,,,,
D,HMI_DISABLE_X_DRIVE_BTTN,,F,D,*,F,,,,,,,,,,Off,On,Off,,,,::[SCS_PLC]HMI_DISABLE_X_DRIVE_BTTN,,,,,,
D,HMI_INDEX_X_BTTN,,F,D,*,F,,,,,,,,,,Off,On,Off,,,,::[SCS_PLC]HMI_INDEX_X_BTTN,,,,,,
D,HMI_RESET_X_DRIVE_BTTN,,F,D,*,F,,,,,,,,,,Off,On,Off,,,,::[SCS_PLC]HMI_RESET_X_DRIVE_BTTN,,,,,,
D,HMI_PINCH_ROLL_W_BTTN_B3_20_13,,F,D,*,F,,,,,,,,,,Off,On,Off,,,,::[SCS_PLC]HMI_PINCH_ROLL_W_BTTN_B3_20_13,,,,,,
D,HMI_PINCH_ROLL_X_BTTN_B3_20_14,,F,D,*,F,,,,,,,,,,Off,On,Off,,,,::[SCS_PLC]HMI_PINCH_ROLL_X_BTTN_B3_20_14,,,,,,
D,HMI_PRINT_SIDE_BTTN,,F,D,*,F,,,,,,,,,,Off,On,Off,,,,::[SCS_PLC]HMI_PRINT_SIDE_BTTN,,,,,,
D,B\B32300,,F,D,*,F,,,,,,,,,,Off,On,Off,,,,::[SCS_PLC]B3:23/00,,,,,,
D,MAN_MAIN_CONTACTOR_TGGL,,F,D,*,F,,,,,,,,,,Off,On,Off,,,,::[SCS_PLC]MAN_MAIN_CONTACTOR_TGGL,,,,,,
D,MAN_BLUE_INDICATOR_TGGL,,F,D,*,F,,,,,,,,,,Off,On,Off,,,,::[SCS_PLC]MAN_BLUE_INDICATOR_TGGL,,,,,,
D,MAN_YELLOW_INDICATOR_TGGL,,F,D,*,F,,,,,,,,,,Off,On,Off,,,,::[SCS_PLC]MAN_YELLOW_INDICATOR_TGGL,,,,,,
D,MAN_RED_INDICATOR_TGGL,,F,D,*,F,,,,,,,,,,Off,On,Off,,,,::[SCS_PLC]MAN_RED_INDICATOR_TGGL,,,,,,
D,MAN_GREEN_INDICATOR_TGGL,,F,D,*,F,,,,,,,,,,Off,On,Off,,,,::[SCS_PLC]MAN_GREEN_INDICATOR_TGGL,,,,,,
D,MAN_SHEAR_ON_TGGL,,F,D,*,F,,,,,,,,,,Off,On,Off,,,,::[SCS_PLC]MAN_SHEAR_ON_TGGL,,,,,,
D,MAN_DISABLE_W_DRIVE_TGGL,,F,D,*,F,,,,,,,,,,Off,On,Off,,,,::[SCS_PLC]MAN_DISABLE_W_DRIVE_TGGL,,,,,,
D,MAN_INDEX_W_ON_TGGL,,F,D,*,F,,,,,,,,,,Off,On,Off,,,,::[SCS_PLC]MAN_INDEX_W_ON_TGGL,,,,,,
D,MAN_RESET_W_DRIVE_TGGL,,F,D,*,F,,,,,,,,,,Off,On,Off,,,,::[SCS_PLC]MAN_RESET_W_DRIVE_TGGL,,,,,,
D,MAN_DISABLE_X_DRIVE_TGGL,,F,D,*,F,,,,,,,,,,Off,On,Off,,,,::[SCS_PLC]MAN_DISABLE_X_DRIVE_TGGL,,,,,,
D,MAN_INDEX_X_ON_TGGL,,F,D,*,F,,,,,,,,,,Off,On,Off,,,,::[SCS_PLC]MAN_INDEX_X_ON_TGGL,,,,,,
D,MAN_RESET_X_DRIVE_TGGL,,F,D,*,F,,,,,,,,,,Off,On,Off,,,,::[SCS_PLC]MAN_RESET_X_DRIVE_TGGL,,,,,,
D,B\B32313,,F,D,*,F,,,,,,,,,,Off,On,Off,,,,::[SCS_PLC]B3:23/13,,,,,,
D,B\B32314,,F,D,*,F,,,,,,,,,,Off,On,Off,,,,::[SCS_PLC]B3:23/14,,,,,,
D,MAN_PRINT_SIDE_ON_TGGL,,F,D,*,F,,,,,,,,,,Off,On,Off,,,,::[SCS_PLC]MAN_PRINT_SIDE_ON_TGGL,,,,,,
D,HMI_TABLE_SIDE_BTTN,,F,D,*,F,,,,,,,,,,Off,On,Off,,,,::[SCS_PLC]HMI_TABLE_SIDE_BTTN,,,,,,
D,HMI_PRINT_AXIS_INDEX_BTTN,,F,D,*,F,,,,,,,,,,Off,On,Off,,,,::[SCS_PLC]HMI_PRINT_AXIS_INDEX_BTTN,,,,,,
D,HMI_PRINT_AXIS_HOME_BTTN,,F,D,*,F,,,,,,,,,,Off,On,Off,,,,::[SCS_PLC]HMI_PRINT_AXIS_HOME_BTTN,,,,,,
D,HMI_PRINT_AXIS_RESET_BTTN,,F,D,*,F,,,,,,,,,,Off,On,Off,,,,::[SCS_PLC]HMI_PRINT_AXIS_RESET_BTTN,,,,,,
D,HMI_GRIPPER_W_BTTN,,F,D,*,F,,,,,,,,,,Off,On,Off,,,,::[SCS_PLC]HMI_GRIPPER_W_BTTN,,,,,,
D,HMI_GRIPPER_X_BTTN,,F,D,*,F,,,,,,,,,,Off,On,Off,,,,::[SCS_PLC]HMI_GRIPPER_X_BTTN,,,,,,
D,HMI_SIDE_W_AXIS_TO_PICK_BTTN,,F,D,*,F,,,,,,,,,,Off,On,Off,,,,::[SCS_PLC]HMI_SIDE_W_AXIS_TO_PICK_BTTN,,,,,,
D,HMI_SIDE_W_AXIS_TO_CUT_BTTN,,F,D,*,F,,,,,,,,,,Off,On,Off,,,,::[SCS_PLC]HMI_SIDE_W_AXIS_TO_CUT_BTTN,,,,,,
D,HMI_SIDE_W_AXIS_TO_PLACE_BTTN,,F,D,*,F,,,,,,,,,,Off,On,Off,,,,::[SCS_PLC]HMI_SIDE_W_AXIS_TO_PLACE_BTTN,,,,,,
D,HMI_SIDE_W_AXIS_RETRACT_BTTN,,F,D,*,F,,,,,,,,,,Off,On,Off,,,,::[SCS_PLC]HMI_SIDE_W_AXIS_RETRACT_BTTN,,,,,,
D,HMI_SIDE_W_HOME_BTTN,,F,D,*,F,,,,,,,,,,Off,On,Off,,,,::[SCS_PLC]HMI_SIDE_W_HOME_BTTN,,,,,,
D,HMI_SIDE_W_RESET_BTTN,,F,D,*,F,,,,,,,,,,Off,On,Off,,,,::[SCS_PLC]HMI_SIDE_W_RESET_BTTN,,,,,,
D,HMI_SIDE_X_AXIS_TO_PICK_BTTN,,F,D,*,F,,,,,,,,,,Off,On,Off,,,,::[SCS_PLC]HMI_SIDE_X_AXIS_TO_PICK_BTTN,,,,,,
D,HMI_SIDE_X_AXIS_TO_CUT_BTTN,,F,D,*,F,,,,,,,,,,Off,On,Off,,,,::[SCS_PLC]HMI_SIDE_X_AXIS_TO_CUT_BTTN,,,,,,
D,HMI_SIDE_X_AXIS_TO_PLACE_BTTN,,F,D,*,F,,,,,,,,,,Off,On,Off,,,,::[SCS_PLC]HMI_SIDE_X_AXIS_TO_PLACE_BTTN,,,,,,
D,HMI_SIDE_X_AXIS_RETRACT_BTTN,,F,D,*,F,,,,,,,,,,Off,On,Off,,,,::[SCS_PLC]HMI_SIDE_X_AXIS_RETRACT_BTTN,,,,,,
D,MAN_TABLE_SIDE_ON_TGGL,,F,D,*,F,,,,,,,,,,Off,On,Off,,,,::[SCS_PLC]MAN_TABLE_SIDE_ON_TGGL,,,,,,
D,MAN_PRINT_AXIS_INDEX_ON_TGGL,,F,D,*,F,,,,,,,,,,Off,On,Off,,,,::[SCS_PLC]MAN_PRINT_AXIS_INDEX_ON_TGGL,,,,,,
D,MAN_PRINT_AXIS_HOME_ON_TGGL,,F,D,*,F,,,,,,,,,,Off,On,Off,,,,::[SCS_PLC]MAN_PRINT_AXIS_HOME_ON_TGGL,,,,,,
D,MAN_PRINT_AXIS_RESET_TGGL,,F,D,*,F,,,,,,,,,,Off,On,Off,,,,::[SCS_PLC]MAN_PRINT_AXIS_RESET_TGGL,,,,,,
D,MAN_GRIPPER_W_TGGL,,F,D,*,F,,,,,,,,,,Off,On,Off,,,,::[SCS_PLC]MAN_GRIPPER_W_TGGL,,,,,,
D,MAN_GRIPPER_X_TGGL,,F,D,*,F,,,,,,,,,,Off,On,Off,,,,::[SCS_PLC]MAN_GRIPPER_X_TGGL,,,,,,
D,MAN_SIDE_W_AXIS_TO_PICK_ON_TGGL,,F,D,*,F,,,,,,,,,,Off,On,Off,,,,::[SCS_PLC]MAN_SIDE_W_AXIS_TO_PICK_ON_TGGL,,,,,,
D,MAN_SIDE_W_AXIS_TO_CUT_ON_TGGL,,F,D,*,F,,,,,,,,,,Off,On,Off,,,,::[SCS_PLC]MAN_SIDE_W_AXIS_TO_CUT_ON_TGGL,,,,,,
D,MAN_SIDE_W_AXIS_TO_PLACE_ON_TGGL,,F,D,*,F,,,,,,,,,,Off,On,Off,,,,::[SCS_PLC]MAN_SIDE_W_AXIS_TO_PLACE_ON_TGGL,,,,,,
D,MAN_SIDE_W_AXIS_RETRACT_ON_TGGL,,F,D,*,F,,,,,,,,,,Off,On,Off,,,,::[SCS_PLC]MAN_SIDE_W_AXIS_RETRACT_ON_TGGL,,,,,,
D,MAN_SIDE_W_AXIS_HOME_ON_TGGL,,F,D,*,F,,,,,,,,,,Off,On,Off,,,,::[SCS_PLC]MAN_SIDE_W_AXIS_HOME_ON_TGGL,,,,,,
D,MAN_SIDE_W_RESET_TGGL,,F,D,*,F,,,,,,,,,,Off,On,Off,,,,::[SCS_PLC]MAN_SIDE_W_RESET_TGGL,,,,,,
D,MAN_SIDE_X_AXIS_TO_PICK_ON_TGGL,,F,D,*,F,,,,,,,,,,Off,On,Off,,,,::[SCS_PLC]MAN_SIDE_X_AXIS_TO_PICK_ON_TGGL,,,,,,
D,MAN_SIDE_X_AXIS_TO_CUT_ON_TGGL,,F,D,*,F,,,,,,,,,,Off,On,Off,,,,::[SCS_PLC]MAN_SIDE_X_AXIS_TO_CUT_ON_TGGL,,,,,,
D,MAN_SIDE_X_AXIS_TO_PLACE_ON_TGGL,,F,D,*,F,,,,,,,,,,Off,On,Off,,,,::[SCS_PLC]MAN_SIDE_X_AXIS_TO_PLACE_ON_TGGL,,,,,,
D,MAN_SIDE_X_AXIS_RETRACT_ON_TGGL,,F,D,*,F,,,,,,,,,,Off,On,Off,,,,::[SCS_PLC]MAN_SIDE_X_AXIS_RETRACT_ON_TGGL,,,,,,
D,HMI_SIDE_X_HOME_BTTN,,F,D,*,F,,,,,,,,,,Off,On,Off,,,,::[SCS_PLC]HMI_SIDE_X_HOME_BTTN,,,,,,
D,HMI_SIDE_X_AXIS_RESET_BTTN,,F,D,*,F,,,,,,,,,,Off,On,Off,,,,::[SCS_PLC]HMI_SIDE_X_AXIS_RESET_BTTN,,,,,,
D,B\B33002,,F,D,*,F,,,,,,,,,,Off,On,Off,,,,::[SCS_PLC]B3:30/02,,,,,,
D,B\B33003,,F,D,*,F,,,,,,,,,,Off,On,Off,,,,::[SCS_PLC]B3:30/03,,,,,,
D,B\B33004,,F,D,*,F,,,,,,,,,,Off,On,Off,,,,::[SCS_PLC]B3:30/04,,,,,,
D,B\B33005,,F,D,*,F,,,,,,,,,,Off,On,Off,,,,::[SCS_PLC]B3:30/05,,,,,,
D,B\B33006,,F,D,*,F,,,,,,,,,,Off,On,Off,,,,::[SCS_PLC]B3:30/06,,,,,,
D,B\B33007,,F,D,*,F,,,,,,,,,,Off,On,Off,,,,::[SCS_PLC]B3:30/07,,,,,,
D,B\B33008,,F,D,*,F,,,,,,,,,,Off,On,Off,,,,::[SCS_PLC]B3:30/08,,,,,,
D,B\B33009,,F,D,*,F,,,,,,,,,,Off,On,Off,,,,::[SCS_PLC]B3:30/09,,,,,,
D,B\B33010,,F,D,*,F,,,,,,,,,,Off,On,Off,,,,::[SCS_PLC]B3:30/10,,,,,,
D,B\B33011,,F,D,*,F,,,,,,,,,,Off,On,Off,,,,::[SCS_PLC]B3:30/11,,,,,,
D,MAN_MAT_W_SINGLE_CYCLE_BTTN,,F,D,*,F,,,,,,,,,,Off,On,Off,,,,::[SCS_PLC]MAN_MAT_W_SINGLE_CYCLE_BTTN,,,,,,
D,MAN_MAT_X_SINGLE_CYCLE_BTTN,,F,D,*,F,,,,,,,,,,Off,On,Off,,,,::[SCS_PLC]MAN_MAT_X_SINGLE_CYCLE_BTTN,,,,,,
D,MAN_STEP_MODE_BTTN,,F,D,*,F,,,,,,,,,,Off,On,Off,,,,::[SCS_PLC]MAN_STEP_MODE_BTTN,,,,,,
D,MAN_STOP_STEP_BTTN,,F,D,*,F,,,,,,,,,,Off,On,Off,,,,::[SCS_PLC]MAN_STOP_STEP_BTTN,,,,,,
D,MAN_SIDE_X_AXIS_HOME_ON_TGGL,,F,D,*,F,,,,,,,,,,Off,On,Off,,,,::[SCS_PLC]MAN_SIDE_X_AXIS_HOME_ON_TGGL,,,,,,
D,MAN_SIDE_X_AXIS_RESET_TGGL,,F,D,*,F,,,,,,,,,,Off,On,Off,,,,::[SCS_PLC]MAN_SIDE_X_AXIS_RESET_TGGL,,,,,,
D,B\B33302,,F,D,*,F,,,,,,,,,,Off,On,Off,,,,::[SCS_PLC]B3:33/02,,,,,,
D,B\B33303,,F,D,*,F,,,,,,,,,,Off,On,Off,,,,::[SCS_PLC]B3:33/03,,,,,,
D,B\B33304,,F,D,*,F,,,,,,,,,,Off,On,Off,,,,::[SCS_PLC]B3:33/04,,,,,,
D,B\B33305,,F,D,*,F,,,,,,,,,,Off,On,Off,,,,::[SCS_PLC]B3:33/05,,,,,,
D,B\B33306,,F,D,*,F,,,,,,,,,,Off,On,Off,,,,::[SCS_PLC]B3:33/06,,,,,,
D,B\B33307,,F,D,*,F,,,,,,,,,,Off,On,Off,,,,::[SCS_PLC]B3:33/07,,,,,,
D,SYS_PLY_1_COMPLETE,,F,D,*,F,,,,,,,,,,Off,On,Off,,,,::[SCS_PLC]SYS_PLY_1_COMPLETE,,,,,,
D,SYS_PLY_2_COMPLETE,,F,D,*,F,,,,,,,,,,Off,On,Off,,,,::[SCS_PLC]SYS_PLY_2_COMPLETE,,,,,,
D,SYS_PLY_3_COMPLETE,,F,D,*,F,,,,,,,,,,Off,On,Off,,,,::[SCS_PLC]SYS_PLY_3_COMPLETE,,,,,,
D,SYS_PLY_4_COMPLETE,,F,D,*,F,,,,,,,,,,Off,On,Off,,,,::[SCS_PLC]SYS_PLY_4_COMPLETE,,,,,,
D,SYS_PLY_5_COMPLETE,,F,D,*,F,,,,,,,,,,Off,On,Off,,,,::[SCS_PLC]SYS_PLY_5_COMPLETE,,,,,,
D,SYS_PLY_6_COMPLETE,,F,D,*,F,,,,,,,,,,Off,On,Off,,,,::[SCS_PLC]SYS_PLY_6_COMPLETE,,,,,,
D,SYS_PLY_7_COMPLETE,,F,D,*,F,,,,,,,,,,Off,On,Off,,,,::[SCS_PLC]SYS_PLY_7_COMPLETE,,,,,,
D,SYS_PLY_8_COMPLETE,,F,D,*,F,,,,,,,,,,Off,On,Off,,,,::[SCS_PLC]SYS_PLY_8_COMPLETE,,,,,,
D,SYS_PLY_9_COMPLETE,,F,D,*,F,,,,,,,,,,Off,On,Off,,,,::[SCS_PLC]SYS_PLY_9_COMPLETE,,,,,,
D,SYS_PLY_10_COMPLETE,,F,D,*,F,,,,,,,,,,Off,On,Off,,,,::[SCS_PLC]SYS_PLY_10_COMPLETE,,,,,,
D,SYS_PLY_11_COMPLETE,,F,D,*,F,,,,,,,,,,Off,On,Off,,,,::[SCS_PLC]SYS_PLY_11_COMPLETE,,,,,,
D,SYS_PLY_12_COMPLETE,,F,D,*,F,,,,,,,,,,Off,On,Off,,,,::[SCS_PLC]SYS_PLY_12_COMPLETE,,,,,,
D,SYS_PLY_13_COMPLETE,,F,D,*,F,,,,,,,,,,Off,On,Off,,,,::[SCS_PLC]SYS_PLY_13_COMPLETE,,,,,,
D,SYS_PLY_14_COMPLETE,,F,D,*,F,,,,,,,,,,Off,On,Off,,,,::[SCS_PLC]SYS_PLY_14_COMPLETE,,,,,,
D,SYS_PLY_15_COMPLETE,,F,D,*,F,,,,,,,,,,Off,On,Off,,,,::[SCS_PLC]SYS_PLY_15_COMPLETE,,,,,,
D,SYS_PLY_16_COMPLETE,,F,D,*,F,,,,,,,,,,Off,On,Off,,,,::[SCS_PLC]SYS_PLY_16_COMPLETE,,,,,,
D,SYS_PLY_17_COMPLETE,,F,D,*,F,,,,,,,,,,Off,On,Off,,,,::[SCS_PLC]SYS_PLY_17_COMPLETE,,,,,,
D,SYS_PLY_18_COMPLETE,,F,D,*,F,,,,,,,,,,Off,On,Off,,,,::[SCS_PLC]SYS_PLY_18_COMPLETE,,,,,,
D,SYS_PLY_19_COMPLETE,,F,D,*,F,,,,,,,,,,Off,On,Off,,,,::[SCS_PLC]SYS_PLY_19_COMPLETE,,,,,,
D,SYS_PLY_20_COMPLETE,,F,D,*,F,,,,,,,,,,Off,On,Off,,,,::[SCS_PLC]SYS_PLY_20_COMPLETE,,,,,,
D,HMI_PLY_1_REDO_BTTN,,F,D,*,F,,,,,,,,,,Off,On,Off,,,,::[SCS_PLC]HMI_PLY_1_REDO_BTTN,,,,,,
D,HMI_PLY_2_REDO_BTTN,,F,D,*,F,,,,,,,,,,Off,On,Off,,,,::[SCS_PLC]HMI_PLY_2_REDO_BTTN,,,,,,
D,HMI_PLY_3_REDO_BTTN,,F,D,*,F,,,,,,,,,,Off,On,Off,,,,::[SCS_PLC]HMI_PLY_3_REDO_BTTN,,,,,,
D,HMI_PLY_4_REDO_BTTN,,F,D,*,F,,,,,,,,,,Off,On,Off,,,,::[SCS_PLC]HMI_PLY_4_REDO_BTTN,,,,,,
D,HMI_PLY_5_REDO_BTTN,,F,D,*,F,,,,,,,,,,Off,On,Off,,,,::[SCS_PLC]HMI_PLY_5_REDO_BTTN,,,,,,
D,HMI_PLY_6_REDO_BTTN,,F,D,*,F,,,,,,,,,,Off,On,Off,,,,::[SCS_PLC]HMI_PLY_6_REDO_BTTN,,,,,,
D,HMI_PLY_7_REDO_BTTN,,F,D,*,F,,,,,,,,,,Off,On,Off,,,,::[SCS_PLC]HMI_PLY_7_REDO_BTTN,,,,,,
D,HMI_PLY_8_REDO_BTTN,,F,D,*,F,,,,,,,,,,Off,On,Off,,,,::[SCS_PLC]HMI_PLY_8_REDO_BTTN,,,,,,
D,HMI_PLY_9_REDO_BTTN,,F,D,*,F,,,,,,,,,,Off,On,Off,,,,::[SCS_PLC]HMI_PLY_9_REDO_BTTN,,,,,,
D,HMI_PLY_10_REDO_BTTN,,F,D,*,F,,,,,,,,,,Off,On,Off,,,,::[SCS_PLC]HMI_PLY_10_REDO_BTTN,,,,,,
D,HMI_PLY_11_REDO_BTTN,,F,D,*,F,,,,,,,,,,Off,On,Off,,,,::[SCS_PLC]HMI_PLY_11_REDO_BTTN,,,,,,
D,HMI_PLY_12_REDO_BTTN,,F,D,*,F,,,,,,,,,,Off,On,Off,,,,::[SCS_PLC]HMI_PLY_12_REDO_BTTN,,,,,,
D,HMI_PLY_13_REDO_BTTN,,F,D,*,F,,,,,,,,,,Off,On,Off,,,,::[SCS_PLC]HMI_PLY_13_REDO_BTTN,,,,,,
D,HMI_PLY_14_REDO_BTTN,,F,D,*,F,,,,,,,,,,Off,On,Off,,,,::[SCS_PLC]HMI_PLY_14_REDO_BTTN,,,,,,
D,HMI_PLY_15_REDO_BTTN,,F,D,*,F,,,,,,,,,,Off,On,Off,,,,::[SCS_PLC]HMI_PLY_15_REDO_BTTN,,,,,,
D,HMI_PLY_16_REDO_BTTN,,F,D,*,F,,,,,,,,,,Off,On,Off,,,,::[SCS_PLC]HMI_PLY_16_REDO_BTTN,,,,,,
D,HMI_PLY_17_REDO_BTTN,,F,D,*,F,,,,,,,,,,Off,On,Off,,,,::[SCS_PLC]HMI_PLY_17_REDO_BTTN,,,,,,
D,HMI_PLY_18_REDO_BTTN,,F,D,*,F,,,,,,,,,,Off,On,Off,,,,::[SCS_PLC]HMI_PLY_18_REDO_BTTN,,,,,,
D,HMI_PLY_19_REDO_BTTN,,F,D,*,F,,,,,,,,,,Off,On,Off,,,,::[SCS_PLC]HMI_PLY_19_REDO_BTTN,,,,,,
D,HMI_PLY_20_REDO_BTTN,,F,D,*,F,,,,,,,,,,Off,On,Off,,,,::[SCS_PLC]HMI_PLY_20_REDO_BTTN,,,,,,
D,SYS_BLADE_COUNT,,F,D,*,F,,,,,,,,,,Off,On,Off,,,,::[SCS_PLC]SYS_BLADE_COUNT,,,,,,
A,CUR_PLY_COUNT,,F,D,*,F,D,L,0,20,0,1,0,0,,,,,,,,::[SCS_PLC]CUR_PLY_COUNT,,,,,,
A,SYS_RUN_TIME_SECS,,F,D,*,F,D,L,0,100,0,1,0,0,,,,,,,,::[SCS_PLC]SYS_RUN_TIME_SECS,,,,,,
A,SYS_RUN_TIME_MINS,,F,D,*,F,D,L,0,100,0,1,0,0,,,,,,,,::[SCS_PLC]SYS_RUN_TIME_MINS,,,,,,
A,SYS_SHIFT_RUN_TIME_SECS,,F,D,*,F,D,L,0,100,0,1,0,0,,,,,,,,::[SCS_PLC]SYS_SHIFT_RUN_TIME_SECS,,,,,,
A,SYS_SHIFT_RUN_TIME_MINS,,F,D,*,F,D,L,0,100,0,1,0,0,,,,,,,,::[SCS_PLC]SYS_SHIFT_RUN_TIME_MINS,,,,,,
A,SYS_IDLE_TIME_SECS,,F,D,*,F,D,L,0,100,0,1,0,0,,,,,,,,::[SCS_PLC]SYS_IDLE_TIME_SECS,,,,,,
A,SYS_IDLE_TIME_MINS,,F,D,*,F,D,L,0,100,0,1,0,0,,,,,,,,::[SCS_PLC]SYS_IDLE_TIME_MINS,,,,,,
A,SYS_ERROR_TIME_SECS,,F,D,*,F,D,L,0,100,0,1,0,0,,,,,,,,::[SCS_PLC]SYS_ERROR_TIME_SECS,,,,,,
A,SYS_ERROR_TIME_MINS,,F,D,*,F,D,L,0,100,0,1,0,0,,,,,,,,::[SCS_PLC]SYS_ERROR_TIME_MINS,,,,,,
A,SYS_BLADE_COUNT,,F,D,*,F,D,L,0,999,0,1,0,0,,,,,,,,::[SCS_PLC]SYS_BLADE_COUNT,,,,,,
A,HMI_SCREEN_STATUS,,F,D,*,F,D,L,0,100,0,1,0,0,,,,,,,,::[SCS_PLC]HMI_SCREEN_STATUS,,,,,,
A,HMI_FAULT_MESSAGE,,F,D,*,F,D,L,0,100,0,1,0,0,,,,,,,,::[SCS_PLC]HMI_FAULT_MESSAGE,,,,,,
A,HMI_STATUS_MESSAGE,,F,D,*,F,D,L,0,100,0,1,0,0,,,,,,,,::[SCS_PLC]HMI_STATUS_MESSAGE,,,,,,
A,HMI_BLADE_COUNT,,F,D,*,F,D,L,10,30000,0,1,0,0,,,,,,,,::[SCS_PLC]HMI_BLADE_COUNT,,,,,,
A,HMI_BRAKE_SCALE_FACTOR_PCT,,F,D,*,F,D,L,1,100,0,1,0,0,,,,,,,,::[SCS_PLC]HMI_BRAKE_SCALE_FACTOR_PCT,,,,,,
A,SYS_PLY_COUNT,,F,D,*,F,D,L,0,20,0,1,0,0,,,,,,,,::[SCS_PLC]SYS_PLY_COUNT,,,,,,
S,FileLoad\col1,,F,M,*,F,,,,,,,,,,,,,2,,0,,,,,,,
S,FileLoad\col2,,F,M,*,F,,,,,,,,,,,,,2,,0,,,,,,,
S,FileLoad\col3,,F,M,*,F,,,,,,,,,,,,,2,,0,,,,,,,
S,FileLoad\col4,,F,M,*,F,,,,,,,,,,,,,2,,0,,,,,,,
S,FileLoad\col5,,F,M,*,F,,,,,,,,,,,,,2,,0,,,,,,,
S,FileLoad\col6,,F,M,*,F,,,,,,,,,,,,,2,,0,,,,,,,
S,FileLoad\col7,,F,M,*,F,,,,,,,,,,,,,2,,0,,,,,,,
S,FileLoad\col8,,F,M,*,F,,,,,,,,,,,,,2,,0,,,,,,,
S,FileLoad\col9,,F,M,*,F,,,,,,,,,,,,,2,,0,,,,,,,
S,FileLoad\FilePath,,F,M,*,F,,,,,,,,,,,,,80,,1,,,,,,,
A,SYS_NUMBER_OF_PLYS,,F,D,*,F,D,L,0,20,0,1,0,0,,,,,,,,::[SCS_PLC]SYS_NUMBER_OF_PLYS,,,,,,
A,FileLoad\LoadProgress,,F,M,*,F,D,L,0,100,0,1,0,0,,,,,,,0,,,,,,,
S,PLY_1_MAT,,F,D,*,F,,,,,,,,,,,,,2,,,::[SCS_PLC]PLY_1_MAT,,,,,,
S,PLY_2_MAT,,F,D,*,F,,,,,,,,,,,,,2,,,::[SCS_PLC]PLY_2_MAT,,,,,,
S,PLY_11_MAT,,F,D,*,F,,,,,,,,,,,,,2,,,::[SCS_PLC]PLY_11_MAT,,,,,,
S,PLY_12_MAT,,F,D,*,F,,,,,,,,,,,,,2,,,::[SCS_PLC]PLY_12_MAT,,,,,,
S,PLY_13_MAT,,F,D,*,F,,,,,,,,,,,,,2,,,::[SCS_PLC]PLY_13_MAT,,,,,,
S,PLY_14_MAT,,F,D,*,F,,,,,,,,,,,,,2,,,::[SCS_PLC]PLY_14_MAT,,,,,,
S,PLY_15_MAT,,F,D,*,F,,,,,,,,,,,,,2,,,::[SCS_PLC]PLY_15_MAT,,,,,,
S,PLY_16_MAT,,F,D,*,F,,,,,,,,,,,,,2,,,::[SCS_PLC]PLY_16_MAT,,,,,,
S,PLY_17_MAT,,F,D,*,F,,,,,,,,,,,,,2,,,::[SCS_PLC]PLY_17_MAT,,,,,,
S,PLY_18_MAT,,F,D,*,F,,,,,,,,,,,,,2,,,::[SCS_PLC]PLY_18_MAT,,,,,,
S,PLY_19_MAT,,F,D,*,F,,,,,,,,,,,,,2,,,::[SCS_PLC]PLY_19_MAT,,,,,,
S,PLY_20_MAT,,F,D,*,F,,,,,,,,,,,,,2,,,::[SCS_PLC]PLY_20_MAT,,,,,,
S,PLY_3_MAT,,F,D,*,F,,,,,,,,,,,,,2,,,::[SCS_PLC]PLY_3_MAT,,,,,,
S,FileLoad\Material_20,,F,M,*,F,,,,,,,,,,,,,2,,0,,,,,,,
S,PLY_4_MAT,,F,D,*,F,,,,,,,,,,,,,2,,,::[SCS_PLC]PLY_4_MAT,,,,,,
S,PLY_5_MAT,,F,D,*,F,,,,,,,,,,,,,2,,,::[SCS_PLC]PLY_5_MAT,,,,,,
S,PLY_6_MAT,,F,D,*,F,,,,,,,,,,,,,2,,,::[SCS_PLC]PLY_6_MAT,,,,,,
S,PLY_7_MAT,,F,D,*,F,,,,,,,,,,,,,2,,,::[SCS_PLC]PLY_7_MAT,,,,,,
S,PLY_8_MAT,,F,D,*,F,,,,,,,,,,,,,2,,,::[SCS_PLC]PLY_8_MAT,,,,,,
S,PLY_9_MAT,,F,D,*,F,,,,,,,,,,,,,2,,,::[SCS_PLC]PLY_9_MAT,,,,,,
S,PLY_10_MAT,,F,D,*,F,,,,,,,,,,,,,2,,,::[SCS_PLC]PLY_10_MAT,,,,,,
S,PART_NUMBER,,F,D,*,F,,,,,,,,,,,,,20,,,::[SCS_PLC]PART_NUMBER,,,,,,
S,PLY_1_ID,,F,D,*,F,,,,,,,,,,,,,7,,,::[SCS_PLC]PLY_1_ID,,,,,,
S,PLY_2_ID,,F,D,*,F,,,,,,,,,,,,,7,,,::[SCS_PLC]PLY_2_ID,,,,,,
S,PLY_11_ID,,F,D,*,F,,,,,,,,,,,,,7,,,::[SCS_PLC]PLY_11_ID,,,,,,
S,PLY_12_ID,,F,D,*,F,,,,,,,,,,,,,7,,,::[SCS_PLC]PLY_12_ID,,,,,,
S,PLY_13_ID,,F,D,*,F,,,,,,,,,,,,,7,,,::[SCS_PLC]PLY_13_ID,,,,,,
S,PLY_14_ID,,F,D,*,F,,,,,,,,,,,,,7,,,::[SCS_PLC]PLY_14_ID,,,,,,
S,PLY_15_ID,,F,D,*,F,,,,,,,,,,,,,7,,,::[SCS_PLC]PLY_15_ID,,,,,,
S,PLY_16_ID,,F,D,*,F,,,,,,,,,,,,,7,,,::[SCS_PLC]PLY_16_ID,,,,,,
S,PLY_17_ID,,F,D,*,F,,,,,,,,,,,,,7,,,::[SCS_PLC]PLY_17_ID,,,,,,
S,PLY_18_ID,,F,D,*,F,,,,,,,,,,,,,7,,,::[SCS_PLC]PLY_18_ID,,,,,,
S,PLY_19_ID,,F,D,*,F,,,,,,,,,,,,,7,,,::[SCS_PLC]PLY_19_ID,,,,,,
S,PLY_20_ID,,F,D,*,F,,,,,,,,,,,,,7,,,::[SCS_PLC]PLY_20_ID,,,,,,
S,PLY_3_ID,,F,D,*,F,,,,,,,,,,,,,7,,,::[SCS_PLC]PLY_3_ID,,,,,,
S,FileLoad\PlyID_20,,F,M,*,F,,,,,,,,,,,,,7,,0,,,,,,,
S,PLY_4_ID,,F,D,*,F,,,,,,,,,,,,,7,,,::[SCS_PLC]PLY_4_ID,,,,,,
S,PLY_5_ID,,F,D,*,F,,,,,,,,,,,,,7,,,::[SCS_PLC]PLY_5_ID,,,,,,
S,PLY_6_ID,,F,D,*,F,,,,,,,,,,,,,7,,,::[SCS_PLC]PLY_6_ID,,,,,,
S,PLY_7_ID,,F,D,*,F,,,,,,,,,,,,,7,,,::[SCS_PLC]PLY_7_ID,,,,,,
S,PLY_8_ID,,F,D,*,F,,,,,,,,,,,,,7,,,::[SCS_PLC]PLY_8_ID,,,,,,
S,PLY_9_ID,,F,D,*,F,,,,,,,,,,,,,7,,,::[SCS_PLC]PLY_9_ID,,,,,,
S,PLY_10_ID,,F,D,*,F,,,,,,,,,,,,,7,,,::[SCS_PLC]PLY_10_ID,,,,,,
A,LAYER_1_LENGTH,,F,D,*,F,D,L,0,999,0,1,0,0,,,,,,,,::[SCS_PLC]LAYER_1_LENGTH,,,,,,
A,LAYER_2_LENGTH,,F,D,*,F,D,L,0,999,0,1,0,0,,,,,,,,::[SCS_PLC]LAYER_2_LENGTH,,,,,,
A,LAYER_11_LENGTH,,F,D,*,F,D,L,0,999,0,1,0,0,,,,,,,,::[SCS_PLC]LAYER_11_LENGTH,,,,,,
A,LAYER_12_LENGTH,,F,D,*,F,D,L,0,999,0,1,0,0,,,,,,,,::[SCS_PLC]LAYER_12_LENGTH,,,,,,
A,LAYER_13_LENGTH,,F,D,*,F,D,L,0,999,0,1,0,0,,,,,,,,::[SCS_PLC]LAYER_13_LENGTH,,,,,,
A,LAYER_14_LENGTH,,F,D,*,F,D,L,0,999,0,1,0,0,,,,,,,,::[SCS_PLC]LAYER_14_LENGTH,,,,,,
A,LAYER_15_LENGTH,,F,D,*,F,D,L,0,999,0,1,0,0,,,,,,,,::[SCS_PLC]LAYER_15_LENGTH,,,,,,
A,LAYER_16_LENGTH,,F,D,*,F,D,L,0,999,0,1,0,0,,,,,,,,::[SCS_PLC]LAYER_16_LENGTH,,,,,,
A,LAYER_17_LENGTH,,F,D,*,F,D,L,0,999,0,1,0,0,,,,,,,,::[SCS_PLC]LAYER_17_LENGTH,,,,,,
A,LAYER_18_LENGTH,,F,D,*,F,D,L,0,999,0,1,0,0,,,,,,,,::[SCS_PLC]LAYER_18_LENGTH,,,,,,
A,LAYER_19_LENGTH,,F,D,*,F,D,L,0,999,0,1,0,0,,,,,,,,::[SCS_PLC]LAYER_19_LENGTH,,,,,,
A,LAYER_20_LENGTH,,F,D,*,F,D,L,0,999,0,1,0,0,,,,,,,,::[SCS_PLC]LAYER_20_LENGTH,,,,,,
A,LAYER_3_LENGTH,,F,D,*,F,D,L,0,999,0,1,0,0,,,,,,,,::[SCS_PLC]LAYER_3_LENGTH,,,,,,
A,FileLoad\Stop_20,,F,M,*,F,D,L,0,999,0,1,0,0,,,,,,,0,,,,,,,
A,LAYER_4_LENGTH,,F,D,*,F,D,L,0,999,0,1,0,0,,,,,,,,::[SCS_PLC]LAYER_4_LENGTH,,,,,,
A,LAYER_5_LENGTH,,F,D,*,F,D,L,0,999,0,1,0,0,,,,,,,,::[SCS_PLC]LAYER_5_LENGTH,,,,,,
A,LAYER_6_LENGTH,,F,D,*,F,D,L,0,999,0,1,0,0,,,,,,,,::[SCS_PLC]LAYER_6_LENGTH,,,,,,
A,LAYER_7_LENGTH,,F,D,*,F,D,L,0,999,0,1,0,0,,,,,,,,::[SCS_PLC]LAYER_7_LENGTH,,,,,,
A,LAYER_8_LENGTH,,F,D,*,F,D,L,0,999,0,1,0,0,,,,,,,,::[SCS_PLC]LAYER_8_LENGTH,,,,,,
A,LAYER_9_LENGTH,,F,D,*,F,D,L,0,999,0,1,0,0,,,,,,,,::[SCS_PLC]LAYER_9_LENGTH,,,,,,
A,LAYER_10_LENGTH,,F,D,*,F,D,L,0,999,0,1,0,0,,,,,,,,::[SCS_PLC]LAYER_10_LENGTH,,,,,,
D,Local_S1_P00,,F,D,*,F,,,,,,,,,,Off,On,Off,,,,::[SCS_PLC]Local:1:I.Pt00.Data,,,,,,
D,Local_S1_P01,,F,D,*,F,,,,,,,,,,Off,On,Off,,,,::[SCS_PLC]Local:1:I.Pt01.Data,,,,,,
D,Local_S1_P02,,F,D,*,F,,,,,,,,,,Off,On,Off,,,,::[SCS_PLC]Local:1:I.Pt02.Data,,,,,,
D,Local_S1_P03,,F,D,*,F,,,,,,,,,,Off,On,Off,,,,::[SCS_PLC]Local:1:I.Pt03.Data,,,,,,
D,Local_S1_P04,,F,D,*,F,,,,,,,,,,Off,On,Off,,,,::[SCS_PLC]Local:1:I.Pt04.Data,,,,,,
D,Local_S1_P05,,F,D,*,F,,,,,,,,,,Off,On,Off,,,,::[SCS_PLC]Local:1:I.Pt05.Data,,,,,,
D,Local_S1_P06,,F,D,*,F,,,,,,,,,,Off,On,Off,,,,::[SCS_PLC]Local:1:I.Pt06.Data,,,,,,
D,Local_S1_P07,,F,D,*,F,,,,,,,,,,Off,On,Off,,,,::[SCS_PLC]Local:1:I.Pt07.Data,,,,,,
D,Local_S1_P08,,F,D,*,F,,,,,,,,,,Off,On,Off,,,,::[SCS_PLC]Local:1:I.Pt08.Data,,,,,,
D,Local_S1_P09,,F,D,*,F,,,,,,,,,,Off,On,Off,,,,::[SCS_PLC]Local:1:I.Pt09.Data,,,,,,
D,Local_S1_P10,,F,D,*,F,,,,,,,,,,Off,On,Off,,,,::[SCS_PLC]Local:1:I.Pt10.Data,,,,,,
D,Local_S1_P11,,F,D,*,F,,,,,,,,,,Off,On,Off,,,,::[SCS_PLC]Local:1:I.Pt11.Data,,,,,,
D,Local_S1_P12,,F,D,*,F,,,,,,,,,,Off,On,Off,,,,::[SCS_PLC]Local:1:I.Pt12.Data,,,,,,
D,Local_S1_P13,,F,D,*,F,,,,,,,,,,Off,On,Off,,,,::[SCS_PLC]Local:1:I.Pt13.Data,,,,,,
D,Local_S1_P14,,F,D,*,F,,,,,,,,,,Off,On,Off,,,,::[SCS_PLC]Local:1:I.Pt14.Data,,,,,,
D,Local_S1_P15,,F,D,*,F,,,,,,,,,,Off,On,Off,,,,::[SCS_PLC]Local:1:I.Pt15.Data,,,,,,
D,Local_S2_P00,,F,D,*,F,,,,,,,,,,Off,On,Off,,,,::[SCS_PLC]Local:2:I.Pt00.Data,,,,,,
D,Local_S2_P01,,F,D,*,F,,,,,,,,,,Off,On,Off,,,,::[SCS_PLC]Local:2:I.Pt01.Data,,,,,,
D,Local_S2_P02,,F,D,*,F,,,,,,,,,,Off,On,Off,,,,::[SCS_PLC]Local:2:I.Pt02.Data,,,,,,
D,Local_S2_P03,,F,D,*,F,,,,,,,,,,Off,On,Off,,,,::[SCS_PLC]Local:2:I.Pt03.Data,,,,,,
A,SYS_RUN_TIME_HRS,,F,D,*,F,D,L,0,9999999,0,1,0,0,,,,,,,,::[SCS_PLC]SYS_RUN_TIME_HRS,,,,,,
A,SYS_MACHINE_CYCLES,,F,D,*,F,D,L,0,9999999,0,1,0,0,,,,,,,,::[SCS_PLC]SYS_MACHINE_CYCLES,,,,,,
A,SYS_SHIFT_RUN_TIME_HRS,,F,D,*,F,D,L,0,9999999,0,1,0,0,,,,,,,,::[SCS_PLC]SYS_SHIFT_RUN_TIME_HRS,,,,,,
A,SYS_IDLE_TIME_HRS,,F,D,*,F,D,L,0,9999999,0,1,0,0,,,,,,,,::[SCS_PLC]SYS_IDLE_TIME_HRS,,,,,,
A,SYS_ERROR_TIME_HRS,,F,D,*,F,D,L,0,9999999,0,1,0,0,,,,,,,,::[SCS_PLC]SYS_ERROR_TIME_HRS,,,,,,
A,SYS_SHIFT_CYCLES,,F,D,*,F,D,L,0,9999999,0,1,0,0,,,,,,,,::[SCS_PLC]SYS_SHIFT_CYCLES,,,,,,
A,SYS_BRAKE_SCALE_FACTOR,,F,D,*,F,D,L,0,999,0,1,0,0,,,,,,,,::[SCS_PLC]SYS_BRAKE_SCALE_FACTOR,,,,,,
A,SYS_CUR_PLY_LENGTH,,F,D,*,F,D,L,0,300,0,1,0,0,,,,,,,,::[SCS_PLC]SYS_CUR_PLY_LENGTH,,,,,,
A,MAN_MAT_W_LENGTH,,F,D,*,F,D,L,0,300,0,1,0,0,,,,,,,,::[SCS_PLC]MAN_MAT_W_LENGTH,,,,,,
A,MAN_MAT_X_LENGTH,,F,D,*,F,D,L,0,300,0,1,0,0,,,,,,,,::[SCS_PLC]MAN_MAT_X_LENGTH,,,,,,
A,SYS_ADJUSTED_PLY_LENGTH,,F,D,*,F,D,L,0,300,0,1,0,0,,,,,,,,::[SCS_PLC]SYS_ADJUSTED_PLY_LENGTH,,,,,,
A,HMI_LENGTH_SCALE_FACTOR_W,,F,D,*,F,D,L,0,9,0,1,0,0,,,,,,,,::[SCS_PLC]HMI_LENGTH_SCALE_FACTOR_W,,,,,,
A,HMI_LENGTH_SCALE_FACTOR_X,,F,D,*,F,D,L,0,10,0,1,0,0,,,,,,,,::[SCS_PLC]HMI_LENGTH_SCALE_FACTOR_X,,,,,,
S,SYS_CUR_PLY,,F,D,*,F,,,,,,,,,,,,,2,,,::[SCS_PLC]SYS_CUR_PLY,,,,,,
S,SYS_PRINT_TEXT,,F,D,*,F,,,,,,,,,,,,,28,,,::[SCS_PLC]SYS_PRINT_TEXT,,,,,,
S,HMI_MAN_PW,,F,D,*,F,,,,,,,,,,,,,10,,,::[SCS_PLC]HMI_MAN_PW,,,,,,
S,HMI_SETUP_PW_ST12_52,,F,D,*,F,,,,,,,,,,,,,10,,,::[SCS_PLC]HMI_SETUP_PW_ST12_52,,,,,,
