B3:0/0,0,,"always off","","","","",0,,,0,
B3:0/1,0,,"always on","","","","",0,,,0,
B3:0/2,0,,"TEMP REMOVAL I:0/0","PRINT AXIS ALARM,","CHANGED INPUT TO","MATERIAL LOAD LC","CLEAR",0,,,0,
B3:0/3,0,,"KARENS DEBUG","","","","",0,,,0,
B3:0/12,0,,"AUTO -","CLOSE CURRENT","GRIPPER TD OS","","",0,,,0,
B3:0/13,0,,"AUTO -","UPDATE CURRENT PLY","COUNT OS","","",0,,,0,
B3:0/14,0,,"AUTO -","UPDATE CURRENT PLY","COUNT OS","","",0,,,0,
B3:0/15,0,,"AUTO -","UPDATE CURRENT PLY","COUNT OS","","",0,,,0,
B3:1/0,0,,"SYSTEM -","START PB OS","","","",0,,,0,
B3:1/1,0,,"AUTO -","CHARGE COMPLETE OS","","","",0,,,0,
B3:1/2,0,,"SYSTEM -","FAULT RESET BTTN OS","","","",0,,,0,
B3:1/3,0,,"SYSTEM -","DRY RUN BTTN OS","","","",0,,,0,
B3:1/4,0,,"SYSTEM -","MANUAL SELECTED OS","","","",0,,,0,
B3:1/5,0,,"AUTO -","UPDATE CURRENT PLY"," TYPE & LENGTH OS","","",0,,,0,
B3:1/6,0,,"AUTO -","MOVE PRINT & TABLE","TO CURRENT SIDE OS","","",0,,,0,
B3:1/7,0,,"AUTO -","MOVE GRIPPER LENGTH","OS","","",0,,,0,
B3:1/8,0,,"SYSTEM -","PINCH ROLL W OS","","","",0,,,0,
B3:1/9,0,,"SYSTEM -","PINCH ROLL X OS","","","",0,,,0,
B3:1/10,0,,"SYSTEM -","SHEAR ON OS","","","",0,,,0,
B3:1/11,0,,"AUTO -","MOVE CURRENT","MATERIAL & SIDE TO","CUT TD OS","",0,,,0,
B3:1/12,0,,"AUTO -","OPEN CURRENT SIDE","GRIPPER OS","","",0,,,0,
B3:1/13,0,,"AUTO -","UPDATE CURRENT PLY"," TYPE & LENGTH OS","","",0,,,0,
B3:1/14,0,,"SYSTEM -","FAULT PRESENT OS","","","",0,,,0,
B3:1/15,0,,"SYSTEM -","BEGIN AUTO CYCLE OS","","","",0,,,0,
B3:2/0,0,,"SYSTEM -","START PB PLS","","","",0,,,0,
B3:2/2,0,,"SYSTEM -","FAULT RESET BTTN PLS","","","",0,,,0,
B3:2/3,0,,"SYSTEM -","DRY RUN BTTN PLS","","","",0,,,0,
B3:2/8,0,,"SYSTEM -","PINCH ROLL W PLS","","","",0,,,0,
B3:2/9,0,,"SYSTEM -","PINCH ROLL X PLS","","","",0,,,0,
B3:2/15,0,,"SYSTEM -","1 SEC PLS","","","",0,,,0,
B3:3/0,0,,"SYSTEM -","FAULT PRESENT","","","",0,,,0,
B3:3/1,0,,"SYSTEM -","STATION FAULT","PRESENT","","",0,,,0,
B3:3/3,0,,"SYSTEM -","AUTO SELECTED","","","",0,,,0,
B3:3/4,0,,"SYSTEM -","AUTO ENABLED","","","",0,,,0,
B3:3/5,0,,"SYSTEM -","MACHINE INITIALIZED","","","",0,,,0,
B3:3/7,0,,"SYSTEM -","MACHINE STARTED","","","",0,,,0,
B3:3/8,0,,"SYSTEM -","MACHINE STOPPED","","","",0,,,0,
B3:3/9,0,,"AUTO -","CHARGE COMPLETE","","","",0,,,0,
B3:3/10,0,,"SYSTEM -","DRY RUN ENABLED","","","",0,,,0,
B3:3/11,0,,"SYSTEM -","MANUAL SELECTED","","","",0,,,0,
B3:3/12,0,,"SYSTEM -","MANUAL ENABLED","","","",0,,,0,
B3:3/13,0,,"SYSTEM -","STEP MODE ON","","","",0,,,0,
B3:3/14,0,,"SYSTEM -","ENABLE FAULT","RECOVERY","","",0,,,0,
B3:3/15,0,,"SYSTEM -","START TIMERS","","","",0,,,0,
B3:4/0,0,,"PLY MATERIAL W","SELECTED","","","",0,,,0,
B3:4/1,0,,"PLY MATERIAL X","SELECTED","","","",0,,,0,
B3:4/2,0,,"NEXT PLY MATERIAL W","SELECTED","","","",0,,,0,
B3:4/3,0,,"NEXT PLY MATERIAL X","SELECTED","","","",0,,,0,
B3:4/4,0,,"SYSTEM -","FAULT RECOVERY","WINDOW","","",0,,,0,
B3:4/7,0,,"SYSTEM -","MATERIAL MOVE DONE","","","",0,,,0,
B3:4/8,0,,"SYSTEM -","PINCH ROLL W TGGL","","","",0,,,0,
B3:4/9,0,,"SYSTEM -","PINCH ROLL X TGGL","","","",0,,,0,
B3:4/10,0,,"SYSTEM -","TURN ON SHEAR","","","",0,,,0,
B3:4/11,0,,"SYSTEM -","TURN OFF SHEAR","","","",0,,,0,
B3:4/12,0,,"SYSTEM -","MOVE MATERIAL CLEAR","","","",0,,,0,
B3:4/13,0,,"SYSTEM -","MOVING MATERIAL","CLEAR","","",0,,,0,
B3:4/14,0,,"SYSTEM -","MOVE MATERIAL BACK","","","",0,,,0,
B3:4/15,0,,"SYSTEM -","MOVING MATERIAL BACK","","","",0,,,0,
B3:5/0,0,,"INITIALIZE -","BEGIN CYCLE","","","",0,,,0,
B3:5/1,0,,"INITIALIZE -","CLOSE GRIPPERS","","","",0,,,0,
B3:5/2,0,,"INITIALIZE -","MOVE PRINT & TABLE","TO W","","",0,,,0,
B3:5/3,0,,"INITIALIZE -","HOME PRINT AXIS","","","",0,,,0,
B3:5/4,0,,"INITIALIZE -","HOMING PRINT AXIS","","","",0,,,0,
B3:5/5,0,,"INITIALIZE -","HOME SIDE W & X AXIS","","","",0,,,0,
B3:5/6,0,,"INITIALIZE -","JOG SIDE W AXIS TO","HOME","","",0,,,0,
B3:5/7,0,,"INITIALIZE -","JOGGING SIDE W AXIS","TO HOME","","",0,,,0,
B3:5/8,0,,"INITIALIZE -","SIDE W AXIS @ HOME","","","",0,,,0,
B3:5/9,0,,"INITIALIZE -","JOG SIDE W AXIS OFF","HOME","","",0,,,0,
B3:5/10,0,,"INITIALIZE -","JOGGING SIDE W AXIS","OFF HOME","","",0,,,0,
B3:5/11,0,,"INITIALIZE -","SIDE W AXIS OFF HOME","","","",0,,,0,
B3:5/12,0,,"INITIALIZE -","JOG SIDE X AXIS TO","HOME","","",0,,,0,
B3:5/13,0,,"INITIALIZE -","JOGGING SIDE X AXIS","TO HOME","","",0,,,0,
B3:5/14,0,,"INITIALIZE -","SIDE X AXIS @ HOME","","","",0,,,0,
B3:5/15,0,,"INITIALIZE -","JOG SIDE X AXIS OFF","HOME","","",0,,,0,
B3:6/0,0,,"INITIALIZE -","JOGGING SIDE X AXIS","OFF HOME","","",0,,,0,
B3:6/1,0,,"INITIALIZE -","SIDE X AXIS OFF HOME","","","",0,,,0,
B3:6/14,0,,"INITIALIZE -","MOVING MATERIAL BACK","","","",0,,,0,
B3:6/15,0,,"INITIALIZE -","CYCLE COMPLETE","","","",0,,,0,
B3:7/0,0,,"INITIALIZE -","FAULT RECOVERY START","","","",0,,,0,
B3:7/1,0,,"INITIALIZE -","TURN ON SHEAR","","","",0,,,0,
B3:7/2,0,,"INITIALIZE -","TURN OFF SHEAR","","","",0,,,0,
B3:7/3,0,,"INITIALIZE -","JOG CURRENT SIDE TO","PLACE","","",0,,,0,
B3:7/4,0,,"INITIALIZE -","JOGGING CURRENT SIDE","TO PLACE","","",0,,,0,
B3:7/5,0,,"INITIALIZE -","JOG CURRENT SIDE @","PLACE","","",0,,,0,
B3:7/6,0,,"INITIALIZE -","JOG CURRENT SIDE OFF","PLACE","","",0,,,0,
B3:7/7,0,,"INITIALIZE -","JOGGING CURRENT SIDE","OFF PLACE","","",0,,,0,
B3:7/8,0,,"INITIALIZE -","CURRENT SIDE OFF","PLACE","","",0,,,0,
B3:7/9,0,,"INITIALIZE -","MOVE CURRENT SIDE TO","GRIPPER","","",0,,,0,
B3:7/10,0,,"INITIALIZE -","MOVING CURRENT SIDE","TO GRIPPER","","",0,,,0,
B3:7/11,0,,"INITIALIZE -","OPEN CURRENT SIDE","GRIPPER","","",0,,,0,
B3:7/12,0,,"INITIALIZE -","CLOSE CURRENT SIDE","GRIPPER","","",0,,,0,
B3:7/13,0,,"INITIALIZE -","MOVE MATERIAL CLEAR","","","",0,,,0,
B3:7/14,0,,"INITIALIZE -","MOVING MATERIAL","CLEAR","","",0,,,0,
B3:7/15,0,,"INITIALIZE -","MOVE MATERIAL BACK","","","",0,,,0,
B3:8/0,0,,"","","","","",0,,,0,
B3:10/0,0,,"SYSTEM -","MATERIAL W DRIVE","ENABLED","","",0,,,0,
B3:10/1,0,,"SYSTEM -","MATERIAL W DRIVE","FAULT","","",0,,,0,
B3:10/2,0,,"SYSTEM -","MATERIAL W MOTION","COMPLETE","","",0,,,0,
B3:10/3,0,,"SYSTEM -","MATERIAL X DRIVE","ENABLED","","",0,,,0,
B3:10/4,0,,"SYSTEM -","MATERIAL X DRIVE","FAULT","","",0,,,0,
B3:10/5,0,,"SYSTEM -","MATERIAL X MOTION","COMPLETE","","",0,,,0,
B3:10/15,0,,"SYSTEM -","1/2 SEC FLASHER","","","",0,,,0,
B3:11,0,,"SYSTEM FAULTS","","","","",0,,,0,
B3:11/0,0,,"SYSTEM -","E-STOP ACTIVATED FLT","","","",0,,,0,
B3:11/2,0,,"SYSTEM -","LIGHT CURTAIN NOT","CLEAR FLT","","",0,,,0,
B3:11/3,0,,"SYSTEM -","MATERIAL W DRIVE FLT","","","",0,,,0,
B3:11/4,0,,"SYSTEM -","MATERIAL W DRIVE NOT","ENABLED FLT","","",0,,,0,
B3:11/5,0,,"SYSTEM -","MATERIAL X DRIVE FLT","","","",0,,,0,
B3:11/6,0,,"SYSTEM -","MATERIAL X DRIVE NOT","ENABLED FLT","","",0,,,0,
B3:11/7,0,,"SYSTEM -","PRINT AXIS DRIVE","ALARM FLT","","",0,,,0,
B3:11/8,0,,"SYSTEM -","SIDE W AXIS DRIVE","ALARM FLT","","",0,,,0,
B3:11/9,0,,"SYSTEM -","SIDE X AXIS DRIVE","ALARM FLT","","",0,,,0,
B3:12,0,,"STATION FAULTS","","","","",0,,,0,
B3:12/0,0,,"SYSTEM -","STATION FAULT","PRESENT","","",0,,,0,
B3:14/0,0,,"AXIS1:","COMMUNICATION TO","DRIVE LOST","","",0,,,0,
B3:14/1,0,,"AXIS2:","COMMUNICATION TO","DRIVE LOST","","",0,,,0,
B3:14/2,0,,"AXIS1:","FAULT","","","",0,,,0,
B3:14/3,0,,"AXIS2:","FAULT","","","",0,,,0,
B3:15/0,0,,"HMI -","YES BTTN","","","",0,,,0,
B3:15/1,0,,"HMI -","NO BTTN","","","",0,,,0,
B3:15/4,0,,"","","","","",0,,,0,
B3:16/0,0,,"HMI -","RESET DATA BTTN","","","",0,,,0,
B3:16/1,0,,"HMI -","INITIALIZE BTTN","","","",0,,,0,
B3:16/2,0,,"HMI -","FAULT RESET BTTN","","","",0,,,0,
B3:16/3,0,,"HMI -","DRY RUN BTTN","","","",0,,,0,
B3:16/4,0,,"HMI -","CYCLE START BTTN","","","",0,,,0,
B3:16/5,0,,"HMI -","CYCLE STOP BTTN","","","",0,,,0,
B3:16/6,0,,"HMI -","ABORT CYCLE BTTN","","","",0,,,0,
B3:16/7,0,,"HMI -","CONTINUE CYCLE BTTN","","","",0,,,0,
B3:16/8,0,,"HMI -","PINCH ROLL W BTTN","","","",0,,,0,
B3:16/9,0,,"HMI -","PINCH ROLL X BTTN","","","",0,,,0,
B3:16/10,0,,"HMI -","SHEAR ON BTTN","","","",0,,,0,
B3:16/11,0,,"HMI -","RESTART CYCLE BTTN","","","",0,,,0,
B3:16/12,0,,"HMI -","RETRY PLY BTTN","","","",0,,,0,
B3:16/13,0,,"HMI -","SKIP PLY BTTN","","","",0,,,0,
B3:16/14,0,,"HMI -","RESET BLADE COUNT","BTTN","","",0,,,0,
B3:17/0,0,,"HMI -","DISPLAY FAULT","MESSAGE","","",0,,,0,
B3:17/1,0,,"HMI -","DISPLAY PLY MESSAGE","","","",0,,,0,
B3:17/2,0,,"HMI -","DISPLAY REDO","MESSAGE","","",0,,,0,
B3:17/3,0,,"HMI -","SETUP CONTINUE BTTN","","","",0,,,0,
B3:17/4,0,,"HMI -","MANUAL CONTINUE BTTN","","","",0,,,0,
B3:18/0,0,,"MANUAL -","INDEX W IN MOTION","","","",0,,,0,
B3:18/1,0,,"MANUAL -","INDEX X IN MOTION","","","",0,,,0,
B3:18/2,0,,"MANUAL -","PRINT AXIS IN MOTION","","","",0,,,0,
B3:18/3,0,,"MANUAL -","PRINT AXIS IN MOTION","","","",0,,,0,
B3:18/4,0,,"MANUAL -","PRINT AXIS IN MOTION","","","",0,,,0,
B3:18/5,0,,"MANUAL -","PRINT AXIS IN MOTION","","","",0,,,0,
B3:18/6,0,,"MANUAL -","SIDE W AXIS TO PICK","IN MOTION","","",0,,,0,
B3:18/7,0,,"MANUAL -","SIDE W AXIS TO CUT","IN MOTION","","",0,,,0,
B3:18/8,0,,"MANUAL -","SIDE W AXIS TO PLACE","IN MOTION","","",0,,,0,
B3:18/9,0,,"MANUAL -","SIDE W AXIS RETRACT","IN MOTION","","",0,,,0,
B3:18/10,0,,"MANUAL -","SIDE X AXIS TO PICK","IN MOTION","","",0,,,0,
B3:18/11,0,,"MANUAL -","SIDE X AXIS TO CUT","IN MOTION","","",0,,,0,
B3:18/12,0,,"MANUAL -","SIDE X AXIS TO PLACE","IN MOTION","","",0,,,0,
B3:18/13,0,,"MANUAL -","SIDE X AXIS RETRACT","IN MOTION","","",0,,,0,
B3:19/0,0,,"MANUAL -","JOGGING SIDE W AXIS","TO HOME","","",0,,,0,
B3:19/1,0,,"MANUAL -","SIDE W AXIS @ HOME","","","",0,,,0,
B3:19/2,0,,"MANUAL -","JOG SIDE W AXIS OFF","HOME","","",0,,,0,
B3:19/3,0,,"MANUAL -","JOGGING SIDE W AXIS","OFF HOME","","",0,,,0,
B3:19/4,0,,"MANUAL -","SIDE W AXIS OFF HOME","","","",0,,,0,
B3:19/5,0,,"MANUAL -","JOGGING SIDE X AXIS","TO HOME","","",0,,,0,
B3:19/6,0,,"MANUAL -","SIDE X AXIS @ HOME","","","",0,,,0,
B3:19/7,0,,"MANUAL -","JOG SIDE X AXIS OFF","HOME","","",0,,,0,
B3:19/8,0,,"MANUAL -","JOGGING SIDE X AXIS","OFF HOME","","",0,,,0,
B3:19/9,0,,"MANUAL -","SIDE X AXIS OFF HOME","","","",0,,,0,
B3:19/10,0,,"MANUAL -","TURN OFF SHEAR","","","",0,,,0,
B3:19/11,0,,"MANUAL -","MOVE MATERIAL CLEAR","","","",0,,,0,
B3:19/12,0,,"MANUAL -","MOVING MATERIAL","CLEAR","","",0,,,0,
B3:19/13,0,,"MANUAL -","MOVE MATERIAL BACK","","","",0,,,0,
B3:19/14,0,,"MANUAL -","MOVING MATERIAL BACK","","","",0,,,0,
B3:20/0,0,,"MANUAL -","STEP CYCLE STOP","","","",0,,,0,
B3:20/1,0,,"HMI -","MAIN CONTACTOR BTTN","","","",0,,,0,
B3:20/2,0,,"HMI -","BLUE INDICATOR BTTN","","","",0,,,0,
B3:20/3,0,,"HMI -","YELLOW INDICATOR","BTTN","","",0,,,0,
B3:20/4,0,,"HMI -","RED INDICATOR BTTN","","","",0,,,0,
B3:20/5,0,,"HMI -","GREEN INDICATOR BTTN","","","",0,,,0,
B3:20/6,0,,"HMI -","SHEAR BTTN","","","",0,,,0,
B3:20/7,0,,"HMI -","DISABLE W DRIVE BTTN","","","",0,,,0,
B3:20/8,0,,"HMI -","INDEX W BTTN","","","",0,,,0,
B3:20/9,0,,"HMI -","RESET W DRIVE BTTN","","","",0,,,0,
B3:20/10,0,,"HMI -","DISABLE X DRIVE BTTN","","","",0,,,0,
B3:20/11,0,,"HMI -","INDEX X BTTN","","","",0,,,0,
B3:20/12,0,,"HMI -","RESET X DRIVE BTTN","","","",0,,,0,
B3:20/13,0,,"HMI -","PINCH ROLL W BTTN","","","",0,,,0,
B3:20/14,0,,"HMI -","PINCH ROLL X BTTN","","","",0,,,0,
B3:20/15,0,,"HMI -","PRINT SIDE BTTN","","","",0,,,0,
B3:21/0,0,,"MANUAL -","STEP CYCLE OS","","","",0,,,0,
B3:21/1,0,,"MANUAL -","MAIN CONTACTOR BTTN","OS","","",0,,,0,
B3:21/2,0,,"MANUAL -","BLUE INDICATOR BTTN","OS","","",0,,,0,
B3:21/3,0,,"MANUAL -","YELLOW INDICATOR","BTTN OS","","",0,,,0,
B3:21/4,0,,"MANUAL -","RED INDICATOR BTTN","OS","","",0,,,0,
B3:21/5,0,,"MANUAL -","GREEN INDICATOR BTTN","OS","","",0,,,0,
B3:21/6,0,,"MANUAL -","SHEAR BTTN OS","","","",0,,,0,
B3:21/7,0,,"MANUAL -","DISABLE W DRIVE BTTN","OS","","",0,,,0,
B3:21/8,0,,"MANUAL -","INDEX W BTTN OS","","","",0,,,0,
B3:21/10,0,,"MANUAL -","DISABLE X DRIVE BTTN","OS","","",0,,,0,
B3:21/11,0,,"MANUAL -","INDEX X BTTN OS","","","",0,,,0,
B3:21/13,0,,"","","","","",0,,,0,
B3:21/14,0,,"","","","","",0,,,0,
B3:21/15,0,,"MANUAL -","PRINT SIDE BTTN OS","","","",0,,,0,
B3:22/0,0,,"MANUAL -","STEP CYCLE PLS","","","",0,,,0,
B3:22/1,0,,"MANUAL -","MAIN CONTACTOR BTTN","PLS","","",0,,,0,
B3:22/2,0,,"MANUAL -","BLUE INDICATOR BTTN","PLS","","",0,,,0,
B3:22/3,0,,"MANUAL -","YELLOW INDICATOR","BTTN PLS","","",0,,,0,
B3:22/4,0,,"MANUAL -","RED INDICATOR BTTN","PLS","","",0,,,0,
B3:22/5,0,,"MANUAL -","GREEN INDICATOR BTTN","PLS","","",0,,,0,
B3:22/6,0,,"MANUAL -","SHEAR BTTN PLS","","","",0,,,0,
B3:22/7,0,,"MANUAL -","DISABLE W DRIVE BTTN","PLS","","",0,,,0,
B3:22/8,0,,"MANUAL -","INDEX W BTTN PLS","","","",0,,,0,
B3:22/10,0,,"MANUAL -","DISABLE X DRIVE BTTN","PLS","","",0,,,0,
B3:22/11,0,,"MANUAL -","INDEX X BTTN PLS","","","",0,,,0,
B3:22/13,0,,"","","","","",0,,,0,
B3:22/14,0,,"","","","","",0,,,0,
B3:22/15,0,,"MANUAL -","PRINT SIDE BTTN PLS","","","",0,,,0,
B3:23,0,,"","","","","",0,,,0,
B3:23/1,0,,"MANUAL -","MAIN CONTACTOR TGGL","","","",0,,,0,
B3:23/2,0,,"MANUAL -","BLUE INDICATOR TGGL","","","",0,,,0,
B3:23/3,0,,"MANUAL -","YELLOW INDICATOR","TGGL","","",0,,,0,
B3:23/4,0,,"MANUAL -","RED INDICATOR TGGL","","","",0,,,0,
B3:23/5,0,,"MANUAL -","GREEN INDICATOR TGGL","","","",0,,,0,
B3:23/6,0,,"MANUAL -","SHEAR ON TGGL","","","",0,,,0,
B3:23/7,0,,"MANUAL -","DISABLE W DRIVE TGGL","","","",0,,,0,
B3:23/8,0,,"MANUAL -","INDEX W ON TGGL","","","",0,,,0,
B3:23/9,0,,"MANUAL -","RESET W DRIVE TGGL","","","",0,,,0,
B3:23/10,0,,"MANUAL -","DISABLE X DRIVE TGGL","","","",0,,,0,
B3:23/11,0,,"MANUAL -","INDEX X ON TGGL","","","",0,,,0,
B3:23/12,0,,"MANUAL -","RESET X DRIVE TGGL","","","",0,,,0,
B3:23/13,0,,"","","","","",0,,,0,
B3:23/14,0,,"","","","","",0,,,0,
B3:23/15,0,,"MANUAL -","PRINT SIDE ON TGGL","","","",0,,,0,
B3:24/6,0,,"MANUAL -","SHEAR OFF TGGL","","","",0,,,0,
B3:24/8,0,,"MANUAL -","INDEX W OFF TGGL","","","",0,,,0,
B3:24/11,0,,"MANUAL -","INDEX X OFF TGGL","","","",0,,,0,
B3:24/15,0,,"MANUAL -","PRINT SIDE OFF TGGL","","","",0,,,0,
B3:25/0,0,,"HMI -","TABLE SIDE BTTN","","","",0,,,0,
B3:25/1,0,,"HMI -","PRINT AXIS INDEX","BTTN","","",0,,,0,
B3:25/2,0,,"HMI -","PRINT AXIS HOME BTTN","","","",0,,,0,
B3:25/3,0,,"HMI -","PRINT AXIS RESET","BTTN","","",0,,,0,
B3:25/4,0,,"HMI -","GRIPPER W BTTN","","","",0,,,0,
B3:25/5,0,,"HMI -","GRIPPER X BTTN","","","",0,,,0,
B3:25/6,0,,"HMI -","SIDE W AXIS TO PICK","BTTN","","",0,,,0,
B3:25/7,0,,"HMI -","SIDE W AXIS TO CUT","BTTN","","",0,,,0,
B3:25/8,0,,"HMI -","SIDE W AXIS TO PLACE","BTTN","","",0,,,0,
B3:25/9,0,,"HMI -","SIDE W AXIS RETRACT","BTTN","","",0,,,0,
B3:25/10,0,,"HMI -","SIDE W HOME BTTN","","","",0,,,0,
B3:25/11,0,,"HMI -","SIDE W RESET BTTN","","","",0,,,0,
B3:25/12,0,,"HMI -","SIDE X AXIS TO PICK","BTTN","","",0,,,0,
B3:25/13,0,,"HMI -","SIDE X AXIS TO CUT","BTTN","","",0,,,0,
B3:25/14,0,,"HMI -","SIDE X AXIS TO PLACE","BTTN","","",0,,,0,
B3:25/15,0,,"HMI -","SIDE X AXIS RETRACT","BTTN","","",0,,,0,
B3:26/0,0,,"MANUAL -","TABLE SIDE BTTN OS","","","",0,,,0,
B3:26/1,0,,"MANUAL -","PRINT AXIS INDEX","BTTN OS","","",0,,,0,
B3:26/2,0,,"MANUAL -","PRINT AXIS HOME BTTN","OS","","",0,,,0,
B3:26/4,0,,"MANUAL -","GRIPPER W BTTN OS","","","",0,,,0,
B3:26/5,0,,"MANUAL -","GRIPPER X BTTN OS","","","",0,,,0,
B3:26/6,0,,"MANUAL -","SIDE W AXIS TO PICK","BTTN OS","","",0,,,0,
B3:26/7,0,,"MANUAL -","SIDE W AXIS TO CUT","BTTN OS","","",0,,,0,
B3:26/8,0,,"MANUAL -","SIDE W AXIS TO PLACE","BTTN OS","","",0,,,0,
B3:26/9,0,,"MANUAL -","SIDE W AXIS RETRACT","BTTN OS","","",0,,,0,
B3:26/10,0,,"MANUAL -","SIDE W HOME BTTN OS","","","",0,,,0,
B3:26/12,0,,"MANUAL -","SIDE X AXIS TO PICK","BTTN OS","","",0,,,0,
B3:26/13,0,,"MANUAL -","SIDE X AXIS TO CUT","BTTN OS","","",0,,,0,
B3:26/14,0,,"MANUAL -","SIDE X AXIS TO PLACE","BTTN OS","","",0,,,0,
B3:26/15,0,,"MANUAL -","SIDE X AXIS RETRACT","BTTN OS","","",0,,,0,
B3:27/0,0,,"MANUAL -","TABLE SIDE BTTN PLS","","","",0,,,0,
B3:27/1,0,,"MANUAL -","PRINT AXIS INDEX","BTTN PLS","","",0,,,0,
B3:27/2,0,,"MANUAL -","PRINT AXIS HOME BTTN","PLS","","",0,,,0,
B3:27/4,0,,"MANUAL -","GRIPPER W BTTN PLS","","","",0,,,0,
B3:27/5,0,,"MANUAL -","GRIPPER X BTTN PLS","","","",0,,,0,
B3:27/6,0,,"MANUAL -","SIDE W AXIS TO PICK","BTTN PLS","","",0,,,0,
B3:27/7,0,,"MANUAL -","SIDE W AXIS TO CUT","BTTN PLS","","",0,,,0,
B3:27/8,0,,"MANUAL -","SIDE W AXIS TO PLACE","BTTN PLS","","",0,,,0,
B3:27/9,0,,"MANUAL -","SIDE W AXIS RETRACT","BTTN PLS","","",0,,,0,
B3:27/10,0,,"MANUAL -","SIDE W HOME BTTN PLS","","","",0,,,0,
B3:27/12,0,,"MANUAL -","SIDE X AXIS TO PICK","BTTN PLS","","",0,,,0,
B3:27/13,0,,"MANUAL -","SIDE X AXIS TO CUT","BTTN PLS","","",0,,,0,
B3:27/14,0,,"MANUAL -","SIDE X AXIS TO PLACE","BTTN PLS","","",0,,,0,
B3:27/15,0,,"MANUAL -","SIDE X AXIS RETRACT","BTTN PLS","","",0,,,0,
B3:28/0,0,,"MANUAL -","TABLE SIDE ON TGGL","","","",0,,,0,
B3:28/1,0,,"MANUAL -","PRINT AXIS INDEX","ON TGGL","","",0,,,0,
B3:28/2,0,,"MANUAL -","PRINT AXIS HOME ON","TGGL","","",0,,,0,
B3:28/3,0,,"MANUAL -","PRINT AXIS RESET","TGGL","","",0,,,0,
B3:28/4,0,,"MANUAL -","GRIPPER W TGGL","","","",0,,,0,
B3:28/5,0,,"MANUAL -","GRIPPER X TGGL","","","",0,,,0,
B3:28/6,0,,"MANUAL -","SIDE W AXIS TO PICK","ON TGGL","","",0,,,0,
B3:28/7,0,,"MANUAL -","SIDE W AXIS TO CUT","ON TGGL","","",0,,,0,
B3:28/8,0,,"MANUAL -","SIDE W AXIS TO PLACE","ON TGGL","","",0,,,0,
B3:28/9,0,,"MANUAL -","SIDE W AXIS RETRACT","ON TGGL","","",0,,,0,
B3:28/10,0,,"MANUAL -","SIDE W AXIS HOME ON","TGGL","","",0,,,0,
B3:28/11,0,,"MANUAL -","SIDE W RESET TGGL","","","",0,,,0,
B3:28/12,0,,"MANUAL -","SIDE X AXIS TO PICK","ON TGGL","","",0,,,0,
B3:28/13,0,,"MANUAL -","SIDE X AXIS TO CUT","ON TGGL","","",0,,,0,
B3:28/14,0,,"MANUAL -","SIDE X AXIS TO PLACE","ON TGGL","","",0,,,0,
B3:28/15,0,,"MANUAL -","SIDE X AXIS RETRACT","ON TGGL","","",0,,,0,
B3:29/0,0,,"MANUAL -","TABLE SIDE OFF TGGL","","","",0,,,0,
B3:29/1,0,,"MANUAL -","PRINT AXIS INDEX","OFF TGGL","","",0,,,0,
B3:29/2,0,,"MANUAL -","PRINT AXIS HOME OFF","TGGL","","",0,,,0,
B3:29/6,0,,"MANUAL -","SIDE W AXIS TO PICK","OFF TGGL","","",0,,,0,
B3:29/7,0,,"MANUAL -","SIDE W AXIS TO CUT","OFF TGGL","","",0,,,0,
B3:29/8,0,,"MANUAL -","SIDE W AXIS TO PLACE","OFF TGGL","","",0,,,0,
B3:29/9,0,,"MANUAL -","SIDE W AXIS RETRACT","OFF TGGL","","",0,,,0,
B3:29/10,0,,"MANUAL -","SIDE W AXIS HOME OFF","TGGL","","",0,,,0,
B3:29/12,0,,"MANUAL -","SIDE X AXIS TO PICK","OFF TGGL","","",0,,,0,
B3:29/13,0,,"MANUAL -","SIDE X AXIS TO CUT","OFF TGGL","","",0,,,0,
B3:29/14,0,,"MANUAL -","SIDE X AXIS TO PLACE","OFF TGGL","","",0,,,0,
B3:29/15,0,,"MANUAL -","SIDE X AXIS RETRACT","OFF TGGL","","",0,,,0,
B3:30/0,0,,"HMI -","SIDE X HOME BTTN","","","",0,,,0,
B3:30/1,0,,"HMI -","SIDE X AXIS RESET","BTTN","","",0,,,0,
B3:30/12,0,,"MANUAL -","MATERIAL W SINGLE","CYCLE BTTN","","",0,,,0,
B3:30/13,0,,"MANUAL -","MATERIAL X SINGLE","CYCLE BTTN","","",0,,,0,
B3:30/14,0,,"MANUAL -","STEP MODE BTTN","","","",0,,,0,
B3:30/15,0,,"MANUAL -","STOP STEP BTTN","","","",0,,,0,
B3:31/0,0,,"MANUAL -","SIDE X HOME BTTN OS","","","",0,,,0,
B3:31/12,0,,"MANUAL -","SINGLE CYCLE BTTN OS","","","",0,,,0,
B3:32/0,0,,"MANUAL -","SIDE X HOME BTTN PLS","","","",0,,,0,
B3:32/12,0,,"MANUAL -","SINGLE CYCLE BTTN","PLS","","",0,,,0,
B3:33/0,0,,"MANUAL -","SIDE X AXIS HOME ON","TGGL","","",0,,,0,
B3:33/1,0,,"MANUAL -","SIDE X AXIS RESET","TGGL","","",0,,,0,
B3:34/0,0,,"MANUAL -","SIDE X AXIS HOME OFF","TGGL","","",0,,,0,
B3:35/0,0,,"MANUAL -","SIDE W HOMED","","","",0,,,0,
B3:35/1,0,,"MANUAL -","SIDE W @ PICK","","","",0,,,0,
B3:35/2,0,,"MANUAL -","SIDE W @ CUT","","","",0,,,0,
B3:35/3,0,,"MANUAL -","SIDE W @ PLACE","","","",0,,,0,
B3:35/4,0,,"MANUAL -","SIDE W @ RETRACT","","","",0,,,0,
B3:35/8,0,,"MANUAL -","SIDE X HOMED","","","",0,,,0,
B3:35/9,0,,"MANUAL -","SIDE X @ PICK","","","",0,,,0,
B3:35/10,0,,"MANUAL -","SIDE X @ CUT","","","",0,,,0,
B3:35/11,0,,"MANUAL -","SIDE X @ PLACE","","","",0,,,0,
B3:35/12,0,,"MANUAL -","SIDE X @ RETRACT","","","",0,,,0,
B3:40/0,0,,"SYSTEM -","PLY 1 COMPLETE","","","",0,,,0,
B3:40/1,0,,"SYSTEM -","PLY 2 COMPLETE","","","",0,,,0,
B3:40/2,0,,"SYSTEM -","PLY 3 COMPLETE","","","",0,,,0,
B3:40/3,0,,"SYSTEM -","PLY 4 COMPLETE","","","",0,,,0,
B3:40/4,0,,"SYSTEM -","PLY 5 COMPLETE","","","",0,,,0,
B3:40/5,0,,"SYSTEM -","PLY 6 COMPLETE","","","",0,,,0,
B3:40/6,0,,"SYSTEM -","PLY 7 COMPLETE","","","",0,,,0,
B3:40/7,0,,"SYSTEM -","PLY 8 COMPLETE","","","",0,,,0,
B3:40/8,0,,"SYSTEM -","PLY 9 COMPLETE","","","",0,,,0,
B3:40/9,0,,"SYSTEM -","PLY 10 COMPLETE","","","",0,,,0,
B3:40/10,0,,"SYSTEM -","PLY 11 COMPLETE","","","",0,,,0,
B3:40/11,0,,"SYSTEM -","PLY 12 COMPLETE","","","",0,,,0,
B3:40/12,0,,"SYSTEM -","PLY 13 COMPLETE","","","",0,,,0,
B3:40/13,0,,"SYSTEM -","PLY 14 COMPLETE","","","",0,,,0,
B3:40/14,0,,"SYSTEM -","PLY 15 COMPLETE","","","",0,,,0,
B3:40/15,0,,"SYSTEM -","PLY 16 COMPLETE","","","",0,,,0,
B3:41/0,0,,"SYSTEM -","PLY 17 COMPLETE","","","",0,,,0,
B3:41/1,0,,"SYSTEM -","PLY 18 COMPLETE","","","",0,,,0,
B3:41/2,0,,"SYSTEM -","PLY 19 COMPLETE","","","",0,,,0,
B3:41/3,0,,"SYSTEM -","PLY 20 COMPLETE","","","",0,,,0,
B3:42/0,0,,"HMI -","PLY 1 REDO BTTN","","","",0,,,0,
B3:42/1,0,,"HMI -","PLY 2 REDO BTTN","","","",0,,,0,
B3:42/2,0,,"HMI -","PLY 3 REDO BTTN","","","",0,,,0,
B3:42/3,0,,"HMI -","PLY 4 REDO BTTN","","","",0,,,0,
B3:42/4,0,,"HMI -","PLY 5 REDO BTTN","","","",0,,,0,
B3:42/5,0,,"HMI -","PLY 6 REDO BTTN","","","",0,,,0,
B3:42/6,0,,"HMI -","PLY 7 REDO BTTN","","","",0,,,0,
B3:42/7,0,,"HMI -","PLY 8 REDO BTTN","","","",0,,,0,
B3:42/8,0,,"HMI -","PLY 9 REDO BTTN","","","",0,,,0,
B3:42/9,0,,"HMI -","PLY 10 REDO BTTN","","","",0,,,0,
B3:42/10,0,,"HMI -","PLY 11 REDO BTTN","","","",0,,,0,
B3:42/11,0,,"HMI -","PLY 12 REDO BTTN","","","",0,,,0,
B3:42/12,0,,"HMI -","PLY 13 REDO BTTN","","","",0,,,0,
B3:42/13,0,,"HMI -","PLY 14 REDO BTTN","","","",0,,,0,
B3:42/14,0,,"HMI -","PLY 15 REDO BTTN","","","",0,,,0,
B3:42/15,0,,"HMI -","PLY 16 REDO BTTN","","","",0,,,0,
B3:43/0,0,,"HMI -","PLY 17 REDO BTTN","","","",0,,,0,
B3:43/1,0,,"HMI -","PLY 18 REDO BTTN","","","",0,,,0,
B3:43/2,0,,"HMI -","PLY 19 REDO BTTN","","","",0,,,0,
B3:43/3,0,,"HMI -","PLY 20 REDO BTTN","","","",0,,,0,
B3:44/0,0,,"SYSTEM -","PLY 1 REDO BTTN OS","","","",0,,,0,
B3:44/1,0,,"SYSTEM -","PLY 2 REDO BTTN OS","","","",0,,,0,
B3:44/2,0,,"SYSTEM -","PLY 3 REDO BTTN OS","","","",0,,,0,
B3:44/3,0,,"SYSTEM -","PLY 4 REDO BTTN OS","","","",0,,,0,
B3:44/4,0,,"SYSTEM -","PLY 5 REDO BTTN OS","","","",0,,,0,
B3:44/5,0,,"SYSTEM -","PLY 6 REDO BTTN OS","","","",0,,,0,
B3:44/6,0,,"SYSTEM -","PLY 7 REDO BTTN OS","","","",0,,,0,
B3:44/7,0,,"SYSTEM -","PLY 8 REDO BTTN OS","","","",0,,,0,
B3:44/8,0,,"SYSTEM -","PLY 9 REDO BTTN OS","","","",0,,,0,
B3:44/9,0,,"SYSTEM -","PLY 10 REDO BTTN OS","","","",0,,,0,
B3:44/10,0,,"SYSTEM -","PLY 11 REDO BTTN OS","","","",0,,,0,
B3:44/11,0,,"SYSTEM -","PLY 12 REDO BTTN OS","","","",0,,,0,
B3:44/12,0,,"SYSTEM -","PLY 13 REDO BTTN OS","","","",0,,,0,
B3:44/13,0,,"SYSTEM -","PLY 14 REDO BTTN OS","","","",0,,,0,
B3:44/14,0,,"SYSTEM -","PLY 15 REDO BTTN OS","","","",0,,,0,
B3:44/15,0,,"SYSTEM -","PLY 16 REDO BTTN OS","","","",0,,,0,
B3:45/0,0,,"SYSTEM -","PLY 17 REDO BTTN OS","","","",0,,,0,
B3:45/1,0,,"SYSTEM -","PLY 18 REDO BTTN OS","","","",0,,,0,
B3:45/2,0,,"SYSTEM -","PLY 19 REDO BTTN OS","","","",0,,,0,
B3:45/3,0,,"SYSTEM -","PLY 20 REDO BTTN OS","","","",0,,,0,
B3:46/0,0,,"SYSTEM -","PLY 1 REDO BTTN PLS","","","",0,,,0,
B3:46/1,0,,"SYSTEM -","PLY 2 REDO BTTN PLS","","","",0,,,0,
B3:46/2,0,,"SYSTEM -","PLY 3 REDO BTTN PLS","","","",0,,,0,
B3:46/3,0,,"SYSTEM -","PLY 4 REDO BTTN PLS","","","",0,,,0,
B3:46/4,0,,"SYSTEM -","PLY 5 REDO BTTN PLS","","","",0,,,0,
B3:46/5,0,,"SYSTEM -","PLY 6 REDO BTTN PLS","","","",0,,,0,
B3:46/6,0,,"SYSTEM -","PLY 7 REDO BTTN PLS","","","",0,,,0,
B3:46/7,0,,"SYSTEM -","PLY 8 REDO BTTN PLS","","","",0,,,0,
B3:46/8,0,,"SYSTEM -","PLY 9 REDO BTTN PLS","","","",0,,,0,
B3:46/9,0,,"SYSTEM -","PLY 10 REDO BTTN PLS","","","",0,,,0,
B3:46/10,0,,"SYSTEM -","PLY 11 REDO BTTN PLS","","","",0,,,0,
B3:46/11,0,,"SYSTEM -","PLY 12 REDO BTTN PLS","","","",0,,,0,
B3:46/12,0,,"SYSTEM -","PLY 13 REDO BTTN PLS","","","",0,,,0,
B3:46/13,0,,"SYSTEM -","PLY 14 REDO BTTN PLS","","","",0,,,0,
B3:46/14,0,,"SYSTEM -","PLY 15 REDO BTTN PLS","","","",0,,,0,
B3:46/15,0,,"SYSTEM -","PLY 16 REDO BTTN PLS","","","",0,,,0,
B3:47/0,0,,"SYSTEM -","PLY 17 REDO BTTN PLS","","","",0,,,0,
B3:47/1,0,,"SYSTEM -","PLY 18 REDO BTTN PLS","","","",0,,,0,
B3:47/2,0,,"SYSTEM -","PLY 19 REDO BTTN PLS","","","",0,,,0,
B3:47/3,0,,"SYSTEM -","PLY 20 REDO BTTN PLS","","","",0,,,0,
B13:0/0,0,,"STATION -","GRIPPER W NOT OPEN","","","",0,,,0,
B13:0/1,0,,"STATION -","GRIPPER X NOT OPEN","","","",0,,,0,
B13:0/8,0,,"STATION -","SERVO DRIVES RESET","TGGL","","",0,,,0,
B13:1/0,0,,"","","","","",0,,,0,
B13:1/1,0,,"","","","","",0,,,0,
B13:3/0,0,,"AUTO -","BEGIN CYCLE","","","",0,,,0,
B13:3/1,0,,"AUTO -","UPDATE CURRENT PLY","COUNT","","",0,,,0,
B13:3/2,0,,"AUTO -","UPDATE CURRENT PLY"," TYPE & LENGTH","","",0,,,0,
B13:3/3,0,,"AUTO -","MOVE PRINT & TABLE","TO CURRENT SIDE","","",0,,,0,
B13:3/4,0,,"AUTO -","MOVE GRIPPER LENGTH","","","",0,,,0,
B13:3/5,0,,"AUTO -","MOVING GRIPPER","LENGTH","","",0,,,0,
B13:3/6,0,,"AUTO -","INDEX PRINT AXIS","","","",0,,,0,
B13:3/7,0,,"AUTO -","INDEXING PRINT AXIS","","","",0,,,0,
B13:3/8,0,,"AUTO -","PRINT AXIS INDEXED","","","",0,,,0,
B13:3/9,0,,"AUTO -","INDEXING PRINT AXIS","","","",0,,,0,
B13:3/10,0,,"AUTO -","MOVE CURRENT SIDE","AXIS TO PICK &","MATERIAL CLEAR","",0,,,0,
B13:3/11,0,,"AUTO -","MOVING CURRENT SIDE","AXIS TO PICK","","",0,,,0,
B13:3/12,0,,"AUTO -","MOVING CURRENT","MATERIAL CLEAR","","",0,,,0,
B13:3/13,0,,"AUTO -","OPEN CURRENT SIDE","GRIPPER","","",0,,,0,
B13:3/14,0,,"AUTO -","MOVE CURRENT","MATERIAL TO GRIP","","",0,,,0,
B13:3/15,0,,"AUTO -","MOVING CURRENT","MATERIAL TO GRIP","","",0,,,0,
B13:4/0,0,,"AUTO -","CLOSE CURRENT SIDE","GRIPPER","","",0,,,0,
B13:4/1,0,,"AUTO -","MOVE CURRENT","MATERIAL TO CUT","","",0,,,0,
B13:4/2,0,,"AUTO -","MOVING CURRENT","MATERIAL TO CUT","","",0,,,0,
B13:4/3,0,,"AUTO -","MOVING CURRENT SIDE","AXIS TO CUT","","",0,,,0,
B13:4/4,0,,"AUTO -","TURN ON SHEAR","","","",0,,,0,
B13:4/5,0,,"AUTO -","TURN OFF SHEAR","","","",0,,,0,
B13:4/6,0,,"AUTO -","MOVE CURRENT SIDE TO","PLACE & MATERIAL","CLEAR","",0,,,0,
B13:4/7,0,,"AUTO -","MOVING CURRENT SIDE","AXIS TO PLACE","","",0,,,0,
B13:4/8,0,,"AUTO -","MOVING CURRENT","MATERIAL CLEAR","","",0,,,0,
B13:4/9,0,,"AUTO -","OPEN CURRENT SIDE","GRIPPER","","",0,,,0,
B13:4/10,0,,"AUTO -","CLOSE CURRENT SIDE","GRIPPER","","",0,,,0,
B13:4/11,0,,"AUTO -","MOVE CURRENT","MATERIAL & SIDE BACK","","",0,,,0,
B13:4/12,0,,"AUTO -","MOVING CURRENT","MATERIAL BACK","","",0,,,0,
B13:4/13,0,,"AUTO -","MOVING CURRENT SIDE","AXIS BACK","","",0,,,0,
B13:4/14,0,,"AUTO -","CHECK IF DONE","","","",0,,,0,
B13:4/15,0,,"AUTO -","CHARGE NOT DONE","","","",0,,,0,
B13:5/0,0,,"AUTO -","CHARGE DONE","","","",0,,,0,
B13:5/1,0,,"AUTO -","MOVE TABLE TO X","","","",0,,,0,
B13:5/8,0,,"AUTO -","MOVE CURRENT SIDE","AXIS TO CUT","","",0,,,0,
B13:5/15,0,,"AUTO -","CYCLE COMPLETE","","","",0,,,0,
B13:8,0,,"STATION FAULTS","","","","",0,,,0,
B13:8/0,0,,"STATION -","MATERIAL W MOTION","FLT","","",0,,,0,
B13:8/1,0,,"STATION -","MATERIAL X MOTION","FLT","","",0,,,0,
B13:8/2,0,,"STATION -","SIDE W AXIS MOTION","FLT","","",0,,,0,
B13:8/3,0,,"STATION -","SIDE X AXIS MOTION","FLT","","",0,,,0,
B13:8/4,0,,"STATION -","PRINT AXIS MOTION","FLT","","",0,,,0,
B13:8/5,0,,"STATION -","PRINT SIDE NOT @ W","FLT","","",0,,,0,
B13:8/6,0,,"STATION -","PRINT SIDE NOT @ X","FLT","","",0,,,0,
B13:8/7,0,,"STATION -","TABLE SIDE NOT @ W","FLT","","",0,,,0,
B13:8/8,0,,"STATION -","TABLE SIDE NOT @ X","FLT","","",0,,,0,
B13:8/9,0,,"STATION -","GRIPPER W NOT OPENED","@ PICK FLT","","",0,,,0,
B13:8/10,0,,"STATION -","GRIPPER W NOT OPENED","@ PLACE FLT","","",0,,,0,
B13:8/11,0,,"STATION -","GRIPPER X NOT OPENED","@ PICK FLT","","",0,,,0,
B13:8/12,0,,"STATION -","GRIPPER X NOT OPENED","@ PLACE FLT","","",0,,,0,
B13:8/13,0,,"","","","","",0,,,0,
B13:8/14,0,,"STATION -","SIDE W AXIS NOT @","PLACE FLT","","",0,,,0,
B13:9,0,,"STATION FAULTS","","","","",0,,,0,
B13:9/0,0,,"STATION -","SIDE X AXIS NOT @","PLACE FLT","","",0,,,0,
B13:10,0,,"PLYS NOT DONE BITS","","","","",0,,,0,
B13:10/0,0,,"AUTO -","PLYS NOT DONE","","","",0,,,0,
B13:10/1,0,,"AUTO -","PLYS NOT DONE","","","",0,,,0,
B13:10/2,0,,"AUTO -","PLYS NOT DONE","","","",0,,,0,
B13:10/3,0,,"AUTO -","PLYS NOT DONE","","","",0,,,0,
B13:10/4,0,,"AUTO -","PLYS NOT DONE","","","",0,,,0,
B13:10/5,0,,"AUTO -","PLYS NOT DONE","","","",0,,,0,
B13:10/6,0,,"AUTO -","PLYS NOT DONE","","","",0,,,0,
B13:10/7,0,,"AUTO -","PLYS NOT DONE","","","",0,,,0,
B13:10/8,0,,"AUTO -","PLYS NOT DONE","","","",0,,,0,
B13:10/9,0,,"AUTO -","PLYS NOT DONE","","","",0,,,0,
B13:10/10,0,,"AUTO -","PLYS NOT DONE","","","",0,,,0,
B13:10/11,0,,"AUTO -","PLYS NOT DONE","","","",0,,,0,
B13:10/12,0,,"AUTO -","PLYS NOT DONE","","","",0,,,0,
B13:10/13,0,,"AUTO -","PLYS NOT DONE","","","",0,,,0,
B13:10/14,0,,"AUTO -","PLYS NOT DONE","","","",0,,,0,
B13:10/15,0,,"AUTO -","PLYS NOT DONE","","","",0,,,0,
B13:11,0,,"PLYS NOT DONE BITS","","","","",0,,,0,
B13:11/0,0,,"AUTO -","PLYS NOT DONE","","","",0,,,0,
B13:11/1,0,,"AUTO -","PLYS NOT DONE","","","",0,,,0,
B13:11/2,0,,"AUTO -","PLYS NOT DONE","","","",0,,,0,
B13:12,0,,"PLYS DONE BITS","","","","",0,,,0,
B13:12/0,0,,"AUTO -","PLYS DONE","","","",0,,,0,
B13:12/1,0,,"AUTO -","PLYS DONE","","","",0,,,0,
B13:12/2,0,,"AUTO -","PLYS DONE","","","",0,,,0,
B13:12/3,0,,"AUTO -","PLYS DONE","","","",0,,,0,
B13:12/4,0,,"AUTO -","PLYS DONE","","","",0,,,0,
B13:12/5,0,,"AUTO -","PLYS DONE","","","",0,,,0,
B13:12/6,0,,"AUTO -","PLYS DONE","","","",0,,,0,
B13:12/7,0,,"AUTO -","PLYS DONE","","","",0,,,0,
B13:12/8,0,,"AUTO -","PLYS DONE","","","",0,,,0,
B13:12/9,0,,"AUTO -","PLYS DONE","","","",0,,,0,
B13:12/10,0,,"AUTO -","PLYS DONE","","","",0,,,0,
B13:12/11,0,,"AUTO -","PLYS DONE","","","",0,,,0,
B13:12/12,0,,"AUTO -","PLYS DONE","","","",0,,,0,
B13:12/13,0,,"AUTO -","PLYS DONE","","","",0,,,0,
B13:12/14,0,,"AUTO -","PLYS DONE","","","",0,,,0,
B13:12/15,0,,"AUTO -","PLYS DONE","","","",0,,,0,
B13:13,0,,"PLYS DONE BITS","","","","",0,,,0,
B13:13/0,0,,"AUTO -","PLYS DONE","","","",0,,,0,
B13:13/1,0,,"AUTO -","PLYS DONE","","","",0,,,0,
B13:13/2,0,,"AUTO -","PLYS DONE","","","",0,,,0,
B13:13/3,0,,"AUTO -","PLYS DONE","","","",0,,,0,
B195:1/0,0,,"","","","","",0,,,0,
B195:1/1,0,,"","","","","",0,,,0,
B195:1/2,0,,"","","","","",0,,,0,
B195:1/3,0,,"","","","","",0,,,0,
B195:1/4,0,,"","","","","",0,,,0,
B195:2/4,0,,"","","","","",0,,,0,
C5:0,0,,"SYSTEM -","RUN TIME SECS","","","",0,,,0,
C5:1,0,,"SYSTEM -","RUN TIME MINS","","","",0,,,0,
C5:2,0,,"SYSTEM -","SHIFT RUN TIME SECS","","","",0,,,0,
C5:3,0,,"SYSTEM -","SHIFT RUN TIME MINS","","","",0,,,0,
C5:4,0,,"SYSTEM -","IDLE TIME SECS","","","",0,,,0,
C5:5,0,,"SYSTEM -","IDLE TIME MINS","","","",0,,,0,
C5:6,0,,"SYSTEM -","ERROR TIME SECS","","","",0,,,0,
C5:7,0,,"SYSTEM -","ERROR TIME MINS","","","",0,,,0,
C5:8,0,,"SYSTEM -","BLADE COUNT","","","",0,,,0,
C15:0,0,,"CURRENT PLY COUNT","","","","",0,,,0,
F8:0,0,,"SYSTEM -","RUN TIME HRS","","","",0,,,0,
F8:1,0,,"SYSTEM -","MACHINE CYCLES","","","",0,,,0,
F8:2,0,,"SYSTEM -","SHIFT RUN TIME HRS","","","",0,,,0,
F8:3,0,,"SYSTEM -","IDLE TIME HRS","","","",0,,,0,
F8:4,0,,"SYSTEM -","ERROR TIME HRS","","","",0,,,0,
F8:5,0,,"SYSTEM -","SHIFT CYCLES","","","",0,,,0,
F8:6,0,,"SYSTEM -","BRAKE SCALE FACTOR","","","",0,,,0,
F8:7,0,,"SYSTEM -","CURRENT PLY LENGTH","","","",0,,,0,
F8:8,0,,"MANUAL -","MATERIAL W LENGTH","","","",0,,,0,
F8:9,0,,"MANUAL -","MATERIAL X LENGTH","","","",0,,,0,
F8:10,0,,"SYSTEM -","ADJUSTED PLY LENGTH","","","",0,,,0,
F8:11,0,,"SYSTEM -","SIDE W GRIPPER","LENGTH","","",0,,,0,
F8:12,0,,"SYSTEM -","SIDE W CUT LENGTH","","","",0,,,0,
F8:13,0,,"SYSTEM -","SIDE X GRIPPER","LENGTH","","",0,,,0,
F8:14,0,,"SYSTEM -","SIDE X CUT LENGTH","","","",0,,,0,
F8:15,0,,"SYSTEM -","SIDE W CUT POSITION","","","",0,,,0,
F8:16,0,,"SYSTEM -","SIDE X CUT POSITION","","","",0,,,0,
F8:17,0,,"SYSTEM -","ACCEL/DECEL COUNTS","","","",0,,,0,
F8:18,0,,"SYSTEM -","STANDARD ACCEL/DECEL","RATE","","",0,,,0,
F8:19,0,,"SYSTEM -","ACCEL/DECEL RATE","","","",0,,,0,
F8:20,0,,"SYSTEM -","STANDARD VELOCITY","","","",0,,,0,
F8:21,0,,"SYSTEM -","VELOCITY","","","",0,,,0,
F8:22,0,,"HMI -","LENGTH SCALE FACTOR","W","","",0,,,0,
F8:23,0,,"HMI -","LENGTH SCALE FACTOR","X","","",0,,,0,
F8:30,0,,"SYSTEM -","MATERIAL W POSITION","","","",0,,,0,
F8:31,0,,"SYSTEM -","MATERIAL W VELOCITY","","","",0,,,0,
F8:32,0,,"SYSTEM -","MATERIAL W ACCEL","","","",0,,,0,
F8:33,0,,"SYSTEM -","MATERIAL W DECEL","","","",0,,,0,
F8:35,0,,"""W""MINIMUM LENGTH","FACTOR NOT TO RUN","BELOW 10.05 AT <1.0","SCALE FACTOR","",0,,,0,
F8:36,0,,"""X""MINIMUM LENGTH","FACTOR NOT TO RUN","BELOW 10.05 AT <1.0","SCALE FACTOR","",0,,,0,
F8:41,0,,"SYSTEM -","SIDE W TO GRIPPER","DISTANCE","","",0,,,0,
F8:43,0,,"SYSTEM -","SIDE X TO GRIPPER","DISTANCE","","",0,,,0,
F8:50,0,,"SYSTEM -","MATERIAL X POSITION","","","",0,,,0,
F8:51,0,,"SYSTEM -","MATERIAL X VELOCITY","","","",0,,,0,
F8:52,0,,"SYSTEM -","MATERIAL X ACCEL","","","",0,,,0,
F8:53,0,,"SYSTEM -","MATERIAL X DECEL","","","",0,,,0,
F18:1,0,,"LAYER 1 LENGTH","","","","",0,,,0,
F18:2,0,,"LAYER 2 LENGTH","","","","",0,,,0,
F18:3,0,,"LAYER 3 LENGTH","","","","",0,,,0,
F18:4,0,,"LAYER 4 LENGTH","","","","",0,,,0,
F18:5,0,,"LAYER 5 LENGTH","","","","",0,,,0,
F18:6,0,,"LAYER 6 LENGTH","","","","",0,,,0,
F18:7,0,,"LAYER 7 LENGTH","","","","",0,,,0,
F18:8,0,,"LAYER 8 LENGTH","","","","",0,,,0,
F18:9,0,,"LAYER 9 LENGTH","","","","",0,,,0,
F18:10,0,,"LAYER 10 LENGTH","","","","",0,,,0,
F18:11,0,,"LAYER 11 LENGTH","","","","",0,,,0,
F18:12,0,,"LAYER 12 LENGTH","","","","",0,,,0,
F18:13,0,,"LAYER 13 LENGTH","","","","",0,,,0,
F18:14,0,,"LAYER 14 LENGTH","","","","",0,,,0,
F18:15,0,,"LAYER 15 LENGTH","","","","",0,,,0,
F18:16,0,,"LAYER 16 LENGTH","","","","",0,,,0,
F18:17,0,,"LAYER 17 LENGTH","","","","",0,,,0,
F18:18,0,,"LAYER 18 LENGTH","","","","",0,,,0,
F18:19,0,,"LAYER 19 LENGTH","","","","",0,,,0,
F18:20,0,,"LAYER 20 LENGTH","","","","",0,,,0,
F18:[C15:0.ACC],0,,"","","","","",0,,,0,
F209:0,0,,"AXIS1:","ACTUAL VELOCITY IN","UU/MIN (REAL)","","",0,,,0,
F209:6,0,,"AXIS1:","DATA LINK C (REAL)","","","",0,,,0,
F209:20,0,,"AXIS2:","ACTUAL VELOCITY IN","UU/MIN (REAL)","","",0,,,0,
F209:26,0,,"AXIS2:","DATA LINK C (REAL)","","","",0,,,0,
F211:0,0,,"AXIS1:","ACCELERATION LIMIT","IN UU (POS. MODE)","(REAL)","",0,,,0,
F211:1,0,,"AXIS1:","DECELERATION LIMIT","IN UU (POS. MODE)","(REAL)","",0,,,0,
F211:3,0,,"AXIS1:","VELOCITY LIMIT IN","UU/SEC (POS. MODE)","(REAL)","",0,,,0,
F211:4,0,,"AXIS1:","REFERENCE POSITION","IN UU (REAL)","","",0,,,0,
F211:6,0,,"AXIS1:","DATA LINK C (REAL)","","","",0,,,0,
F211:20,0,,"AXIS2:","ACCELERATION LIMIT","IN UU (POS. MODE)","(REAL)","",0,,,0,
F211:21,0,,"AXIS2:","DECELERATION LIMIT","IN UU (POS. MODE)","(REAL)","",0,,,0,
F211:23,0,,"AXIS2:","VELOCITY LIMIT IN","UU/SEC (POS. MODE)","(REAL)","",0,,,0,
F211:24,0,,"AXIS2:","REFERENCE POSITION","IN UU (REAL)","","",0,,,0,
F211:26,0,,"AXIS2:","DATA LINK C (REAL)","","","",0,,,0,
I:0/0,0,,"MATERIAL","LOAD LIGHT CURTAIN","CLEAR","","",0,,,0,
I:0/1,0,,"EMERGENCY STOP","STATUS","","","",0,,,0,
I:0/2,0,,"GRIPPER W OPEN @","PLACE","","","",0,,,0,
I:0/3,0,,"GRIPPER X OPEN @","PLACE","","","",0,,,0,
I:0/4,0,,"PRINT SIDE W","SELECTED","","","",0,,,0,
I:0/5,0,,"PRINT SIDE X","SELECTED","","","",0,,,0,
I:0/6,0,,"TABLE SIDE W","SELECTED","","","",0,,,0,
I:0/7,0,,"TABLE SIDE X","SELECTED","","","",0,,,0,
I:0/8,0,,"SIDE W AXIS @ PLACE","","","","",0,,,0,
I:0/9,0,,"SIDE X AXIS @ PLACE","","","","",0,,,0,
I:0/10,0,,"PRINT AXIS MOTION","COMPLETE","","","",0,,,0,
I:0/11,0,,"LIGHT CURTAINS CLEAR","","","","",0,,,0,
I:0/12,0,,"SIDE W AXIS ALARM","","","","",0,,,0,
I:0/13,0,,"SIDE W AXIS @ PICK","","","","",0,,,0,
I:0/14,0,,"SIDE X AXIS @ PICK","","","","",0,,,0,
I:0/15,0,,"GRIPPER W OPEN @","PICK","","","",0,,,0,
I:0/16,0,,"GRIPPER X OPEN @","PICK","","","",0,,,0,
I:0/17,0,,"SIDE X AXIS ALARM","","","","",0,,,0,
I:0/18,0,,"SIDE W AXIS MOTION","COMPLETE","","","",0,,,0,
I:0/19,0,,"SIDE X AXIS MOTION","COMPLETE","","","",0,,,0,
I:0.4,0,,"MATERIAL W AMOUNT","","","","",0,,,0,
I:0.5,0,,"MATERIAL X AMOUNT","","","","",0,,,0,
I:1/1,0,,"","","","","",0,,,0,
I:1/3,0,,"","","","","",0,,,0,
I:1/4,0,,"","","","","",0,,,0,
I:1/5,0,,"","","","","",0,,,0,
I:1/6,0,,"","","","","",0,,,0,
I:1/7,0,,"","","","","",0,,,0,
I:1/8,0,,"","","","","",0,,,0,
I:1/9,0,,"","","","","",0,,,0,
I:1/10,0,,"","","","","",0,,,0,
I:1/11,0,,"","","","","",0,,,0,
I:1/12,0,,"","","","","",0,,,0,
I:1/13,0,,"","","","","",0,,,0,
I:1/14,0,,"","","","","",0,,,0,
I:1/15,0,,"","","","","",0,,,0,
I:2/0,0,,"","","","","",0,,,0,
I:2/1,0,,"","","","","",0,,,0,
L19:0,0,,"SYSTEM -","SIDE W CUT COUNTS","","","",0,,,0,
L19:1,0,,"SYSTEM -","SIDE W PLACE COUNTS","","","",0,,,0,
L19:2,0,,"SYSTEM -","SIDE X CUT COUNTS","","","",0,,,0,
L19:3,0,,"SYSTEM -","SIDE X PLACE COUNTS","","","",0,,,0,
L19:4,0,,"SYSTEM -","SIDE W TOTAL PLACE","COUNTS","","",0,,,0,
L19:5,0,,"SYSTEM -","SIDE W RETRACT","COUNTS","","",0,,,0,
L19:6,0,,"SYSTEM -","SIDE X TOTAL PLACE","COUNTS","","",0,,,0,
L19:7,0,,"SYSTEM -","SIDE X RETRACT","COUNTS","","",0,,,0,
L204:0,0,,"AXIS1:","DRIVE FAULT RESET","","","",0,,,0,
L204:10,0,,"AXIS2:","DRIVE FAULT RESET","","","",0,,,0,
L208:0,0,,"AXIS1:","INPUT ASSBLY BITS","","","",0,,,0,
L208:0/0,0,,"AXIS1:","ENABLED STATUS","0:DISABLED","1:ENABLED","",0,,,0,
L208:0/1,0,,"AXIS1:","PHYSICAL AXIS FAULT","","","",0,,,0,
L208:1/1,0,,"AXIS1:","MOTION COMPLETE","","","",0,,,0,
L208:6,0,,"AXIS1:","ACTUAL VELOCITY IN","UU/MIN (REAL)","","",0,,,0,
L208:14,0,,"AXIS1:","DATA LINK C (REAL)","","","",0,,,0,
L208:20,0,,"AXIS2:","INPUT ASSBLY BITS","","","",0,,,0,
L208:20/0,0,,"AXIS2:","ENABLED STATUS","0:DISABLED","1:ENABLED","",0,,,0,
L208:20/1,0,,"AXIS2:","PHYSICAL AXIS FAULT","","","",0,,,0,
L208:21/1,0,,"AXIS2:","MOTION COMPLETE","","","",0,,,0,
L208:26,0,,"AXIS2:","ACTUAL VELOCITY IN","UU/MIN (REAL)","","",0,,,0,
L208:34,0,,"AXIS2:","DATA LINK C (REAL)","","","",0,,,0,
L210:0,0,,"AXIS1:","OUTPUT ASSBLY BITS","","","",0,,,0,
L210:0/2,0,,"AXIS1:","START MOTION","","","",0,,,0,
L210:0/7,0,,"AXIS1:","DRIVE ENABLE","","","",0,,,0,
L210:2,0,,"AXIS1:","REFERENCE SOURCE","(DINT)","","",0,,,0,
L210:3,0,,"AXIS1:","ACCELERATION LIMIT","IN UU (POS. MODE)","(REAL)","",0,,,0,
L210:11,0,,"AXIS1:","DATA LINK C (REAL)","","","",0,,,0,
L210:20,0,,"AXIS2:","OUTPUT ASSBLY BITS","","","",0,,,0,
L210:20/2,0,,"AXIS2:","START MOTION","","","",0,,,0,
L210:20/7,0,,"AXIS2:","DRIVE ENABLE","","","",0,,,0,
L210:22,0,,"AXIS2:","REFERENCE SOURCE","(DINT)","","",0,,,0,
L210:23,0,,"AXIS2:","ACCELERATION LIMIT","IN UU (POS. MODE)","(REAL)","",0,,,0,
L210:31,0,,"AXIS2:","DATA LINK C (REAL)","","","",0,,,0,
MG200:0,0,,"AXIS1:","READ INPUT ASSEMBLY","OBJECT","","",0,,,0,
MG200:1,0,,"AXIS1:","WRITE OUTPUT","ASSEMBLY OBJECT","","",0,,,0,
MG200:4,0,,"AXIS1:","WRITE DRIVE FAULT","RESET","","",0,,,0,
MG200:10,0,,"AXIS2:","READ INPUT ASSEMBLY","OBJECT","","",0,,,0,
MG200:11,0,,"AXIS2:","WRITE OUTPUT","ASSEMBLY OBJECT","","",0,,,0,
MG200:14,0,,"AXIS2:","WRITE DRIVE FAULT","RESET","","",0,,,0,
N7:0,0,,"HMI -","SCREEN STATUS","","","",0,,,0,
N7:1,0,,"","","","","",0,,,0,
N7:2,0,,"HMI -","FAULT MESSAGE","","","",0,,,0,
N7:3,0,,"HMI -","STATUS MESSAGE","","","",0,,,0,
N7:4,0,,"HMI -","BLADE COUNT","","","",0,,,0,
N7:5,0,,"HMI -","BRAKE SCALE FACTOR %","","","",0,,,0,
N7:10,0,,"SYSTEM -","PLY COUNT","","","",0,,,0,
N7:11,0,,"MATERIAL W AMOUNT","INVERSE","","","",0,,,0,
N7:12,0,,"MATERIAL X AMOUNT","INVERSE","","","",0,,,0,
N7:18,0,,"","","","","",0,,,0,
N7:19,0,,"SYSTEM -","STANDARD FREQUENCY &","ACCEL/DECEL COUNTS","","",0,,,0,
N7:20,0,,"SYSTEM -","NUMBER OF PLYS","","","",0,,,0,
N7:21,0,,"SYSTEM -","PLY NUMBER OFFSET","FOR PRINT","","",0,,,0,
N7:22,0,,"SYSTEM -","FAULT MESSAGE","","","",0,,,0,
N7:23,0,,"SYSTEM -","SIDE W & X AXIS TO","HOME SPEED","","",0,,,0,
N7:24,0,,"SYSTEM -","SIDE W & X AXIS OFF","HOME SPEED","","",0,,,0,
N7:25,0,,"SYSTEM -","SIDE W AXIS GRIP","COUNTS","","",0,,,0,
N7:26,0,,"SYSTEM -","SIDE X AXIS GRIP","COUNTS","","",0,,,0,
N7:27,0,,"SYSTEM -","SIDE W GRIPPER","COUNTS","","",0,,,0,
N7:28,0,,"SYSTEM -","SIDE X GRIPPER","COUNTS","","",0,,,0,
N7:29,0,,"SYSTEM -","ACCEL/DECEL COUNTS","","","",0,,,0,
N7:30,0,,"AXIS1:","RUN SEQUENCE COUNTER","","","",0,,,0,
N7:31,0,,"AXIS2:","RUN SEQUENCE COUNTER","","","",0,,,0,
N7:32,0,,"SYSTEM -","PLY NUMBER OFFSET","FOR NEXT PLY","","",0,,,0,
O:0/0,0,,"MATERIAL W DRIVE","ENABLE","","","",0,,,0,
O:0/1,0,,"MATERIAL X DRIVE","ENABLE","","","",0,,,0,
O:0/2,0,,"","","","","",0,,,0,
O:0/3,0,,"SIDE A AXIS STEP","","","","",0,,,0,
O:0/4,0,,"SIDE B AXIS STEP","","","","",0,,,0,
O:0/5,0,,"SIDE W AXIS","DIRECTION","","","",0,,,0,
O:0/6,0,,"SHEAR ON","","","","",0,,,0,
O:0/7,0,,"SIDE X AXIS","DIRECTION","","","",0,,,0,
O:0/8,0,,"PRINT AXIS START","COMMAND","","","",0,,,0,
O:0/9,0,,"PINCH ROLL W ON","","","","",0,,,0,
O:0/10,0,,"PINCH ROLL X ON","","","","",0,,,0,
O:0/11,0,,"MAIN CONTACTOR ON","","","","",0,,,0,
O:0.4,0,,"MATERIAL W TENSION","CONTROL","","","",0,,,0,
O:0.5,0,,"MATERIAL X TENSION","CONTROL","","","",0,,,0,
O:1/0,0,,"TABLE SIDE W SELECT","","","","",0,,,0,
O:1/1,0,,"TABLE SIDE X SELECT","","","","",0,,,0,
O:1/2,0,,"GRIPPER W OPEN","","","","",0,,,0,
O:1/3,0,,"GRIPPER X OPEN","","","","",0,,,0,
O:1/4,0,,"PRINT SIDE W SELECT","","","","",0,,,0,
O:1/5,0,,"PRINT SIDE X SELECT","","","","",0,,,0,
O:1/6,0,,"PRINT AXIS HOME","COMMAND","","","",0,,,0,
O:1/7,0,,"","","","","",0,,,0,
O:1/8,0,,"BLUE INDICATOR ON","","","","",0,,,0,
O:1/9,0,,"AMBER INDICATOR ON","","","","",0,,,0,
O:1/10,0,,"RED INDICATOR ON","","","","",0,,,0,
O:1/11,0,,"GREEN INDICATOR ON","","","","",0,,,0,
O:1/12,0,,"SERVO AXIS ALARM","RESET","","","",0,,,0,
O:1/13,0,,"","","","","",0,,,0,
O:1/14,0,,"","","","","",0,,,0,
PTO:0.JF,0,,"","","","","",0,,,0,
PTOX:0/NS,0,,"","","","","",0,,,0,
PTOX:0/JC,0,,"SIDE W AXIS JOG","COMMAND","","","",0,,,0,
PTOX:0/EH,0,,"SIDE W AXIS ABORT","COMMAND","","","",0,,,0,
PTOX:0.OF,0,,"SIDE W AXIS","OUTPUT FREQUENCY","","","",0,,,0,
PTOX:0.JF,0,,"SIDE W JOG SPEED","","","","",0,,,0,
PTOX:0.TOP,0,,"SIDE W AXIS MOTION","STEPS","","","",0,,,0,
PTOX:0.ADP,0,,"SIDE W AXIS","ACCEL/DECEL COUNTS","","","",0,,,0,
PTOX:1/NS,0,,"","","","","",0,,,0,
PTOX:1/JC,0,,"SIDE X AXIS JOG","COMMAND","","","",0,,,0,
PTOX:1/EH,0,,"SIDE X AXIS ABORT","COMMAND","","","",0,,,0,
PTOX:1.OF,0,,"SIDE X AXIS","OUTPUT FREQUENCY","","","",0,,,0,
PTOX:1.JF,0,,"SIDE X JOG SPEED","","","","",0,,,0,
PTOX:1.TOP,0,,"SIDE X AXIS MOTION","STEPS","","","",0,,,0,
PTOX:1.ADP,0,,"SIDE X AXIS","ACCEL/DECEL COUNTS","","","",0,,,0,
R6:0,0,,"SYSTEM -","PRINT ASCII WRITE","","","",0,,,0,
S:0,0,,"Arithmetic","Flags","","","",0,,,0,
S:0/0,0,,"Processor","Arithmetic","Carry","Flag","",0,,,0,
S:0/1,0,,"Processor","Arithmetic","Underflow/","Overflow","Flag",0,,,0,
S:0/2,0,,"Processor","Arithmetic","Zero","Flag","",0,,,0,
S:0/3,0,,"Processor","Arithmetic","Sign","Flag","",0,,,0,
S:1,0,,"Processor","Mode","Status/","Control","",0,,,0,
S:1/0,0,,"Processor","Mode","Bit 0","","",0,,,0,
S:1/1,0,,"Processor","Mode","Bit 1","","",0,,,0,
S:1/2,0,,"Processor","Mode","Bit 2","","",0,,,0,
S:1/3,0,,"Processor","Mode","Bit 3","","",0,,,0,
S:1/4,0,,"Processor","Mode","Bit 4","","",0,,,0,
S:1/5,0,,"Forces","Enabled","","","",0,,,0,
S:1/6,0,,"Forces","Present","","","",0,,,0,
S:1/7,0,,"Comms","Active","","","",0,,,0,
S:1/8,0,,"Fault","Override","at Powerup","","",0,,,0,
S:1/9,0,,"Startup","Protection","Fault","","",0,,,0,
S:1/10,0,,"Load","Memory","Module on","Memory","Error",0,,,0,
S:1/11,0,,"Load","Memory","Module","Always","",0,,,0,
S:1/12,0,,"Load","Memory","Module","and RUN","",0,,,0,
S:1/13,0,,"Major","Error","Halted","","",0,,,0,
S:1/14,0,,"Access","Denied","","","",0,,,0,
S:1/15,0,,"First Pass","","","","",0,,,0,
S:2/0,0,,"STI","Pending","","","",0,,,0,
S:2/1,0,,"STI","Enabled","","","",0,,,0,
S:2/2,0,,"STI","Executing","","","",0,,,0,
S:2/3,0,,"Index","Addressing","File Range","","",0,,,0,
S:2/4,0,,"Saved with","Debug","Single","Step","",0,,,0,
S:2/5,0,,"DH-485","Incoming","Command","Pending","",0,,,0,
S:2/6,0,,"DH-485","Message","Reply","Pending","",0,,,0,
S:2/7,0,,"DH-485","Outgoing","Message","Command","Pending",0,,,0,
S:2/15,0,,"Comms","Servicing","Selection","","",0,,,0,
S:3,0,,"Current","Scan Time/","Watchdog","Scan Time","",0,,,0,
S:4,0,,"Time Base","","","","",0,,,0,
S:5/0,0,,"Overflow","Trap","","","",0,,,0,
S:5/2,0,,"Control","Register","Error","","",0,,,0,
S:5/3,0,,"Major Err","Detected","Executing","UserFault","Routine",0,,,0,
S:5/4,0,,"M0-M1","Referenced","on","Disabled","Slot",0,,,0,
S:5/8,0,,"Memory","Module","Boot","","",0,,,0,
S:5/9,0,,"Memory","Module","Password","Mismatch","",0,,,0,
S:5/10,0,,"STI","Overflow","","","",0,,,0,
S:5/11,0,,"Battery","Low","","","",0,,,0,
S:6,0,,"Major","Error","Fault","Code","",0,,,0,
S:7,0,,"Suspend","Code","","","",0,,,0,
S:8,0,,"Suspend","File","","","",0,,,0,
S:9,0,,"Active","Nodes","","","",0,,,0,
S:10,0,,"Active","Nodes","","","",0,,,0,
S:11,0,,"I/O Slot","Enables","","","",0,,,0,
S:12,0,,"I/O Slot","Enables","","","",0,,,0,
S:13,0,,"Math","Register","","","",0,,,0,
S:14,0,,"Math","Register","","","",0,,,0,
S:15,0,,"Node","Address/","Baud Rate","","",0,,,0,
S:16,0,,"Debug","Single","Step Rung","","",0,,,0,
S:17,0,,"Debug","Single","Step File","","",0,,,0,
S:18,0,,"Debug","Single","Step","Breakpoint","Rung",0,,,0,
S:19,0,,"Debug","Single","Step","Breakpoint","File",0,,,0,
S:20,0,,"Debug","Fault/","Powerdown","Rung","",0,,,0,
S:21,0,,"Debug","Fault/","Powerdown","File","",0,,,0,
S:22,0,,"Maximum","Observed","Scan Time","","",0,,,0,
S:23,0,,"Average","Scan Time","","","",0,,,0,
S:24,0,,"Index","Register","","","",0,,,0,
S:25,0,,"I/O","Interrupt","Pending","","",0,,,0,
S:26,0,,"I/O","Interrupt","Pending","","",0,,,0,
S:27,0,,"I/O","Interrupt","Enabled","","",0,,,0,
S:28,0,,"I/O","Interrupt","Enabled","","",0,,,0,
S:29,0,,"User Fault","Routine","File","Number","",0,,,0,
S:30,0,,"STI","Setpoint","","","",0,,,0,
S:31,0,,"STI File","Number","","","",0,,,0,
S:32,0,,"I/O","Interrupt","Executing","","",0,,,0,
S:33,0,,"Extended","Proc","Status","Control","Word",0,,,0,
S:33/0,0,,"Incoming","Command","Pending","","",0,,,0,
S:33/1,0,,"Message","Reply","Pending","","",0,,,0,
S:33/2,0,,"Outgoing","Message","Command","Pending","",0,,,0,
S:33/3,0,,"Selection","Status","User/DF1","","",0,,,0,
S:33/4,0,,"Communicat","Active","","","",0,,,0,
S:33/5,0,,"Communicat","Servicing","Selection","","",0,,,0,
S:33/6,0,,"Message","Servicing","Selection","Channel 0","",0,,,0,
S:33/7,0,,"Message","Servicing","Selection","Channel 1","",0,,,0,
S:33/8,0,,"Interrupt","Latency","Control","Flag","",0,,,0,
S:33/9,0,,"Scan","Toggle","Flag","","",0,,,0,
S:33/10,0,,"Discrete","Input","Interrupt","Reconfigur","Flag",0,,,0,
S:33/11,0,,"Online","Edit","Status","","",0,,,0,
S:33/12,0,,"Online","Edit","Status","","",0,,,0,
S:33/13,0,,"Scan Time","Timebase","Selection","","",0,,,0,
S:33/14,0,,"DTR","Control","Bit","","",0,,,0,
S:33/15,0,,"DTR Force","Bit","","","",0,,,0,
S:34,0,,"Pass-thru","Disabled","","","",0,,,0,
S:34/0,0,,"Pass-Thru","Disabled","Flag","","",0,,,0,
S:34/1,0,,"DH+ Active","Node Table","Enable","Flag","",0,,,0,
S:34/2,0,,"Floating","Point","Math Flag Disable,Fl","","",0,,,0,
S:35,0,,"Last 1 ms","Scan Time","","","",0,,,0,
S:36,0,,"Extended","Minor","Error Bits","","",0,,,0,
S:36/8,0,,"DII Lost","","","","",0,,,0,
S:36/9,0,,"STI Lost","","","","",0,,,0,
S:36/10,0,,"Memory","Module","Data File","Overwrite","Protection",0,,,0,
S:37,0,,"Clock","Calendar","Year","","",0,,,0,
S:38,0,,"Clock","Calendar","Month","","",0,,,0,
S:39,0,,"Clock","Calendar","Day","","",0,,,0,
S:40,0,,"Clock","Calendar","Hours","","",0,,,0,
S:41,0,,"Clock","Calendar","Minutes","","",0,,,0,
S:42,0,,"Clock","Calendar","Seconds","","",0,,,0,
S:43,0,,"STI","Interrupt","Time","","",0,,,0,
S:44,0,,"I/O Event","Interrupt","Time","","",0,,,0,
S:45,0,,"DII","Interrupt","Time","","",0,,,0,
S:46,0,,"Discrete","Input","Interrupt-","File","Number",0,,,0,
S:47,0,,"Discrete","Input","Interrupt-","Slot","Number",0,,,0,
S:48,0,,"Discrete","Input","Interrupt-","Bit Mask","",0,,,0,
S:49,0,,"Discrete","Input","Interrupt-","Compare","Value",0,,,0,
S:50,0,,"Processor","Catalog","Number","","",0,,,0,
S:51,0,,"Discrete","Input","Interrupt-","Return","Number",0,,,0,
S:52,0,,"Discrete","Input","Interrupt-","Accumulat","",0,,,0,
S:53,0,,"Reserved/","Clock","Calendar","Day of","the Week",0,,,0,
S:55,0,,"Last DII","Scan","Time","","",0,,,0,
S:56,0,,"Maximum","Observed","DII","Scan Time","",0,,,0,
S:57,0,,"Operating","System","Catalog","Number","",0,,,0,
S:58,0,,"Operating","System","Series","","",0,,,0,
S:59,0,,"Operating","System FRN","","","",0,,,0,
S:61,0,,"Processor","Series","","","",0,,,0,
S:62,0,,"Processor","Revision","","","",0,,,0,
S:63,0,,"User","Program","Type","","",0,,,0,
S:64,0,,"User","Program","Functional","Index","",0,,,0,
S:65,0,,"User RAM","Size","","","",0,,,0,
S:66,0,,"Flash","EEPROM","Size","","",0,,,0,
S:67,0,,"Channel 0","Active","Nodes","","",0,,,0,
S:68,0,,"Channel 0","Active","Nodes","","",0,,,0,
S:69,0,,"Channel 0","Active","Nodes","","",0,,,0,
S:70,0,,"Channel 0","Active","Nodes","","",0,,,0,
S:71,0,,"Channel 0","Active","Nodes","","",0,,,0,
S:72,0,,"Channel 0","Active","Nodes","","",0,,,0,
S:73,0,,"Channel 0","Active","Nodes","","",0,,,0,
S:74,0,,"Channel 0","Active","Nodes","","",0,,,0,
S:75,0,,"Channel 0","Active","Nodes","","",0,,,0,
S:76,0,,"Channel 0","Active","Nodes","","",0,,,0,
S:77,0,,"Channel 0","Active","Nodes","","",0,,,0,
S:78,0,,"Channel 0","Active","Nodes","","",0,,,0,
S:79,0,,"Channel 0","Active","Nodes","","",0,,,0,
S:80,0,,"Channel 0","Active","Nodes","","",0,,,0,
S:81,0,,"Channel 0","Active","Nodes","","",0,,,0,
S:82,0,,"Channel 0","Active","Nodes","","",0,,,0,
S:83,0,,"DH+ Active","Nodes","","","",0,,,0,
S:84,0,,"DH+ Active","Nodes","","","",0,,,0,
S:85,0,,"DH+ Active","Nodes","","","",0,,,0,
S:86,0,,"DH+ Active","Nodes","","","",0,,,0,
ST12:0,0,,"SYSTEM -","CURRENT PLY","","","",0,,,0,
ST12:1,0,,"PLY 1 MATERIAL","","","","",0,,,0,
ST12:2,0,,"PLY 2 MATERIAL","","","","",0,,,0,
ST12:3,0,,"PLY 3 MATERIAL","","","","",0,,,0,
ST12:4,0,,"PLY 4 MATERIAL","","","","",0,,,0,
ST12:5,0,,"PLY 5 MATERIAL","","","","",0,,,0,
ST12:6,0,,"PLY 6 MATERIAL","","","","",0,,,0,
ST12:7,0,,"PLY 7 MATERIAL","","","","",0,,,0,
ST12:8,0,,"PLY 8 MATERIAL","","","","",0,,,0,
ST12:9,0,,"PLY 9 MATERIAL","","","","",0,,,0,
ST12:10,0,,"PLY 10 MATERIAL","","","","",0,,,0,
ST12:11,0,,"PLY 11 MATERIAL","","","","",0,,,0,
ST12:12,0,,"PLY 12 MATERIAL","","","","",0,,,0,
ST12:13,0,,"PLY 13 MATERIAL","","","","",0,,,0,
ST12:14,0,,"PLY 14 MATERIAL","","","","",0,,,0,
ST12:15,0,,"PLY 15 MATERIAL","","","","",0,,,0,
ST12:16,0,,"PLY 16 MATERIAL","","","","",0,,,0,
ST12:17,0,,"PLY 17 MATERIAL","","","","",0,,,0,
ST12:18,0,,"PLY 18 MATERIAL","","","","",0,,,0,
ST12:19,0,,"PLY 19 MATERIAL","","","","",0,,,0,
ST12:20,0,,"PLY 20 MATERIAL","","","","",0,,,0,
ST12:23,0,,"SYSTEM -","NEXT PLY","","","",0,,,0,
ST12:24,0,,"SYSTEM -","PRINT TEXT","","","",0,,,0,
ST12:25,0,,"PART NUMBER","","","","",0,,,0,
ST12:26,0,,"SPACE","","","","",0,,,0,
ST12:27,0,,"PART NUMBER W/SPACE","","","","",0,,,0,
ST12:28,0,,"SYSTEM -","SETUP PW","","","",0,,,0,
ST12:29,0,,"SYSTEM -","MANUAL PW","","","",0,,,0,
ST12:30,0,,"SYSTEM -","EMPTY STRING","","","",0,,,0,
ST12:31,0,,"PLY 1 ID","","","","",0,,,0,
ST12:32,0,,"PLY 2 ID","","","","",0,,,0,
ST12:33,0,,"PLY 3 ID","","","","",0,,,0,
ST12:34,0,,"PLY 4 ID","","","","",0,,,0,
ST12:35,0,,"PLY 5 ID","","","","",0,,,0,
ST12:36,0,,"PLY 6 ID","","","","",0,,,0,
ST12:37,0,,"PLY 7 ID","","","","",0,,,0,
ST12:38,0,,"PLY 8 ID","","","","",0,,,0,
ST12:39,0,,"PLY 9 ID","","","","",0,,,0,
ST12:40,0,,"PLY 10 ID","","","","",0,,,0,
ST12:41,0,,"PLY 11 ID","","","","",0,,,0,
ST12:42,0,,"PLY 12 ID","","","","",0,,,0,
ST12:43,0,,"PLY 13 ID","","","","",0,,,0,
ST12:44,0,,"PLY 14 ID","","","","",0,,,0,
ST12:45,0,,"PLY 15 ID","","","","",0,,,0,
ST12:46,0,,"PLY 16 ID","","","","",0,,,0,
ST12:47,0,,"PLY 17 ID","","","","",0,,,0,
ST12:48,0,,"PLY 18 ID","","","","",0,,,0,
ST12:49,0,,"PLY 19 ID","","","","",0,,,0,
ST12:50,0,,"PLY 20 ID","","","","",0,,,0,
ST12:51,0,,"HMI -","MANUAL PW","","","",0,,,0,
ST12:51.LEN,0,,"HMI -","SETUP PW","","","",0,,,0,
ST12:52,0,,"HMI -","SETUP PW","","","",0,,,0,
T4:0,0,,"SYSTEM -","ENABLE MATERIAL","DRIVES HW TD","","",0,,,0,
T4:1,0,,"SYSTEM -","CYCLE START TD","","","",0,,,0,
T4:2,0,,"SYSTEM -","UNLATCH HMI NO BTTN","","","",0,,,0,
T4:3,0,,"SYSTEM -","UNLATCH HMI ABORT","BTTN","","",0,,,0,
T4:4,0,,"SYSTEM -","1 SEC TIMER","","","",0,,,0,
T4:6,0,,"SYSTEM -","RESET DATA TIME","DELAY","","",0,,,0,
T4:7,0,,"SYSTEM -","ENABLE MATERIAL W","DRIVE SW TD","","",0,,,0,
T4:8,0,,"SYSTEM -","ENABLE MATERIAL X","DRIVE SW TD","","",0,,,0,
T4:9,0,,"SYSTEM -","1/2 SEC TIMER","","","",0,,,0,
T4:10,0,,"SYSTEM -","MATERIAL W DRIVE NOT","ENABLED TO","","",0,,,0,
T4:11,0,,"SYSTEM -","MATERIAL X DRIVE NOT","ENABLED TO","","",0,,,0,
T4:12,0,,"SYSTEM -","PRINT AXIS DRIVE","ALARM TO","","",0,,,0,
T4:13,0,,"SYSTEM -","SIDE W AXIS DRIVE","ALARM TO","","",0,,,0,
T4:14,0,,"SYSTEM -","SIDE X AXIS DRIVE","ALARM TO","","",0,,,0,
T4:20,0,,"INITIALIZE -","BEGIN CYCLE TIME","DELAY","","",0,,,0,
T4:21,0,,"INITIALIZE -","MOVE PRINT & TABLE","TO W TD","","",0,,,0,
T4:22,0,,"INITIALIZE -","HOME PRINT AXIS TD","","","",0,,,0,
T4:23,0,,"INITIALIZE -","JOG SIDE W AXIS OFF","HOME TD","","",0,,,0,
T4:24,0,,"INITIALIZE -","JOG SIDE X AXIS OFF","HOME TD","","",0,,,0,
T4:25,0,,"SYSTEM","UNLATCH HMI YES","BUTTON","","",0,,,0,
T4:25/DN,0,,"","","","","",0,,,0,
T4:26,0,,"SYSTEM UNLATCH HMI","RESTART BTTN","","","",0,,,0,
T4:26/DN,0,,"","","","","",0,,,0,
T4:26/EN,0,,"SYSTEM UNLATCH HMI","RESTART BTTN","","","",0,,,0,
T4:29,0,,"INITIALIZE -","CYCLE COMPLETE TD","","","",0,,,0,
T4:30,0,,"INITIALIZE -","TURN ON SHEAR TD","","","",0,,,0,
T4:31,0,,"INITIALIZE -","TURN OFF SHEAR TD","","","",0,,,0,
T4:32,0,,"INITIALIZE -","JOG CURRENT SIDE TO","PLACE TD","","",0,,,0,
T4:33,0,,"INITIALIZE -","JOG CURRENT SIDE OFF","PLACE TD","","",0,,,0,
T4:34,0,,"INITIALIZE -","MOVE CURRENT SIDE TO","GRIPPER TD","","",0,,,0,
T4:35,0,,"INITIALIZE -","CLOSE CURRENT SIDE","GRIPPER TD","","",0,,,0,
T4:36,0,,"INITIALIZE -","MOVE MATERIAL CLEAR","TD","","",0,,,0,
T4:37,0,,"INITIALIZE -","MOVE MATERIAL BACK","TD","","",0,,,0,
T4:40,0,,"SYSTEM -","TURN OFF SHEAR TD","","","",0,,,0,
T4:41,0,,"SYSTEM -","MOVE MATERIAL CLEAR","TD","","",0,,,0,
T4:42,0,,"SYSTEM -","MOVE MATERIAL BACK","TD","","",0,,,0,
T4:47,0,,"MANUAL -","TURN OFF SHEAR TD","","","",0,,,0,
T4:48,0,,"MANUAL -","MOVE MATERIAL CLEAR","TD","","",0,,,0,
T4:49,0,,"MANUAL -","MOVE MATERIAL BACK","TD","","",0,,,0,
T4:50,0,,"MANUAL -","SIDE W AXIS TO PICK","ON TGGL TD","","",0,,,0,
T4:51,0,,"MANUAL -","SIDE W AXIS TO CUT","ON TGGL TD","","",0,,,0,
T4:52,0,,"MANUAL -","SIDE W AXIS TO PLACE","ON TGGL TD","","",0,,,0,
T4:53,0,,"MANUAL -","SIDE W AXIS RETRACT","ON TGGL TD","","",0,,,0,
T4:54,0,,"MANUAL -","SIDE X AXIS TO PICK","ON TGGL TD","","",0,,,0,
T4:55,0,,"MANUAL -","SIDE X AXIS TO CUT","ON TGGL TD","","",0,,,0,
T4:56,0,,"MANUAL -","SIDE X AXIS TO PLACE","ON TGGL TD","","",0,,,0,
T4:57,0,,"MANUAL -","SIDE X AXIS RETRACT","ON TGGL TD","","",0,,,0,
T4:58,0,,"MANUAL -","JOG SIDE W AXIS OFF","HOME TD","","",0,,,0,
T4:59,0,,"MANUAL -","JOG SIDE X AXIS OFF","HOME TD","","",0,,,0,
T14:0,0,,"AUTO -","UPDATE CURRENT PLY","COUNT TD","","",0,,,0,
T14:1,0,,"AUTO -","UPDATE CURRENT PLY","TYPE & LENGTH TD","","",0,,,0,
T14:2,0,,"AUTO -","MOVE GRIPPER LENGTH","TD","","",0,,,0,
T14:3,0,,"AUTO -","MOVE CURRENT SIDE","AXIS TO PICK &","MATERIAL CLEAR TD","",0,,,0,
T14:4,0,,"AUTO -","MOVE CURRENT","MATERIAL TO GRIP TD","","",0,,,0,
T14:5,0,,"AUTO -","MOVE CURRENT","MATERIAL TO CUT TD","","",0,,,0,
T14:6,0,,"AUTO -","TURN ON SHEAR TD","","","",0,,,0,
T14:7,0,,"AUTO -","TURN OFF SHEAR TD","","","",0,,,0,
T14:8,0,,"AUTO -","MOVE CURRENT SIDE TO","PLACE & MATERIAL","CLEAR TD","",0,,,0,
T14:9,0,,"AUTO -","CLOSE CURRENT SIDE","GRIPPER TD","","",0,,,0,
T14:10,0,,"AUTO -","MOVE CURRENT","MATERIAL & SIDE BACK","TD","",0,,,0,
T14:11,0,,"AUTO -","CHECK IF DONE TD","","","",0,,,0,
T14:12,0,,"AUTO -","MOVE PRINT & TABLE","TO CURRENT SIDE TD","","",0,,,0,
T14:13,0,,"","","","","",0,,,0,
T14:14,0,,"","","","","",0,,,0,
T14:15,0,,"AUTO -","MOVE CURRENT SIDE","AXIS TO CUT TD","","",0,,,0,
T14:18,0,,"STATION -","SERVO DRIVE RESET","TO","","",0,,,0,
T14:18/DN,0,,"","","","","",0,,,0,
T14:19,0,,"AUTO -","CYCLE COMPLETE TD","","","",0,,,0,
T14:20,0,,"STATION -","MATERIAL W MOTION TO","","","",0,,,0,
T14:21,0,,"STATION -","MATERIAL X MOTION TO","","","",0,,,0,
T14:22,0,,"STATION -","SIDE W AXIS MOTION","TO","","",0,,,0,
T14:23,0,,"STATION -","SIDE X AXIS MOTION","TO","","",0,,,0,
T14:24,0,,"STATION -","PRINT AXIS MOTION TO","","","",0,,,0,
T14:25,0,,"STATION -","PRINT SIDE NOT @ W","TO","","",0,,,0,
T14:26,0,,"STATION -","PRINT SIDE NOT @ X","TO","","",0,,,0,
T14:27,0,,"STATION -","TABLE SIDE NOT @ W","TO","","",0,,,0,
T14:28,0,,"STATION -","TABLE SIDE NOT @ X","TO","","",0,,,0,
T14:29,0,,"STATION -","GRIPPER W NOT OPENED","@ PICK TO","","",0,,,0,
T14:30,0,,"STATION -","GRIPPER W NOT OPENED","@ PLACE TO","","",0,,,0,
T14:31,0,,"STATION -","GRIPPER X NOT OPENED","@ PICK TO","","",0,,,0,
T14:32,0,,"STATION -","GRIPPER X NOT OPENED","@ PLACE TO","","",0,,,0,
T206:0,0,,"AXIS1:","READ INPUT ASSEMBLY","DELAY","","",0,,,0,
T206:0/DN,0,,"","","","","",0,,,0,
T206:1,0,,"","","","","",0,,,0,
T206:1/DN,0,,"","","","","",0,,,0,
T206:2,0,,"AXIS1:","READ OUTPUT ASSEMBLY","DELAY","","",0,,,0,
T206:2/DN,0,,"","","","","",0,,,0,
T206:10,0,,"AXIS2:","READ INPUT ASSEMBLY","DELAY","","",0,,,0,
T206:12,0,,"AXIS2:","READ OUTPUT ASSEMBLY","DELAY","","",0,,,0,
U:3,0,,"HMI","","","","",0,,,0,
U:4,0,,"SYSTEM","","","","",0,,,0,
U:5,0,,"SYSTEM I/O","","","","",0,,,0,
U:6,0,,"SYSTEM FAULTS","","","","",0,,,0,
U:7,0,,"STATISTICS","","","","",0,,,0,
U:8,0,,"INITIALIZE","","","","",0,,,0,
U:10,0,,"MANUAL","","","","",0,,,0,
U:11,0,,"AUTOMATIC","","","","",0,,,0,
U:12,0,,"STATION I/O","","","","",0,,,0,
U:13,0,,"STATION FAULTS","","","","",0,,,0,
U:180,0,,"","","","","",0,,,0,
U:190,0,,"","","","","",0,,,0,
DFILE:00000,0,,"OUTPUT","","","","",0,,,0,
DFILE:00001,0,,"INPUT","","","","",0,,,0,
DFILE:00002,0,,"STATUS","","","","",0,,,0,
DFILE:00003,0,,"BINARY","","","","",0,,,0,
DFILE:00004,0,,"TIMER","","","","",0,,,0,
DFILE:00005,0,,"COUNTER","","","","",0,,,0,
DFILE:00006,0,,"CONTROL","","","","",0,,,0,
DFILE:00007,0,,"INTEGER","","","","",0,,,0,
DFILE:00008,0,,"FLOAT","","","","",0,,,0,
DFILE:00012,0,,"AUTO","","","","",0,,,0,
DFILE:00013,0,,"AUTO","","","","",0,,,0,
DFILE:00014,0,,"AUTO","","","","",0,,,0,
DFILE:00015,0,,"AUTO","","","","",0,,,0,
DFILE:00018,0,,"AUTO","","","","",0,,,0,
DFILE:00019,0,,"AUTO","","","","",0,,,0,
DFILE:00194,0,,"MISC","","","","",0,,,0,
DFILE:00195,0,,"AXIS CMD","","","","",0,,,0,
DFILE:00196,0,,"AXIS CMD","","","","",0,,,0,
DFILE:00197,0,,"AXIS CMD","","","","",0,,,0,
DFILE:00200,0,,"AXIS DATA","","","","",0,,,0,
DFILE:00201,0,,"AXIS DATA","","","","",0,,,0,
DFILE:00203,0,,"AXIS DATA","","","","",0,,,0,
DFILE:00204,0,,"AXIS DATA","","","","",0,,,0,
DFILE:00206,0,,"AXIS TMRS","","","","",0,,,0,
DFILE:00208,0,,"ASSBLY IN","","","","",0,,,0,
DFILE:00209,0,,"ASSBLY IN","","","","",0,,,0,
DFILE:00210,0,,"ASSBLY OUT","","","","",0,,,0,
DFILE:00211,0,,"ASSBLY OUT","","","","",0,,,0,
